"search_filter_id","search_id","property_type","property_grade","user_rating_min","price","amenity_count","region","data_origin"
"FQ1pfyOcPu8","Q1pfyOcPu8","","","","100000","1","Tokyo","실제 사용자 선택값"
"FQuiL0Coq14","QuiL0Coq14","","","","100000","0","Tokyo","실제 사용자 선택값"
"FQeRkwNN3Mk","QeRkwNN3Mk","","","","","0","Tokyo","실제 사용자 선택값"
"FQ333t6naRT","Q333t6naRT","","","","100000","0","Tokyo","실제 사용자 선택값"
"FQdPLnzMcro","QdPLnzMcro","","","","","0","Tokyo","실제 사용자 선택값"
"FQ0CqLhuf7C","Q0CqLhuf7C","","","","","0","Tokyo","실제 사용자 선택값"
"FQDX2vny39Z","QDX2vny39Z","","","","100000","5","Tokyo","실제 사용자 선택값"
"FQN1X76RVBO","QN1X76RVBO","","","","50000","5","Tokyo","실제 사용자 선택값"
"FQX121uaX47","QX121uaX47","","","","50000","5","Tokyo","실제 사용자 선택값"
"FQZ0FLsEEjB","QZ0FLsEEjB","","","","50000","5","Tokyo · 아사쿠사","실제 사용자 선택값"
"FQYMZRtxiN1","QYMZRtxiN1","","","","50000","4","Tokyo · 아사쿠사","실제 사용자 선택값"
"FQ3Hfff0KOt","Q3Hfff0KOt","","","","100000","6","Tokyo · 아사쿠사","실제 사용자 선택값"
"FQefYYCEICl","QefYYCEICl","","","","100000","6","Tokyo · 아사쿠사","실제 사용자 선택값"
"FQXGIMCtkhO","QXGIMCtkhO","","","","100000","6","Tokyo · 아사쿠사","실제 사용자 선택값"
"FQiwm8UtB3w","Qiwm8UtB3w","","","","100000","6","Tokyo · 아사쿠사","실제 사용자 선택값"
"FQAQw9jvcsH","QAQw9jvcsH","","","","100000","7","Tokyo · 아사쿠사","실제 사용자 선택값"
"FQj5hOg14KD","Qj5hOg14KD","","","","","0","","실제 사용자 선택값"
"FQG3wnGoEio","QG3wnGoEio","","","","","0","Tokyo · 신주쿠","실제 사용자 선택값"
"FQyjT2lTKiZ","QyjT2lTKiZ","","","","","0","","실제 사용자 선택값"
"FQwpBL0B7xv","QwpBL0B7xv","","","","100000","0","Tokyo · 시부야","실제 사용자 선택값"
"FQ6XsVH2R7b","Q6XsVH2R7b","","","","50000","0","Tokyo · 시부야","실제 사용자 선택값"
"FQ5Dnb16eDZ","Q5Dnb16eDZ","","","","","0","","실제 사용자 선택값"
"FQ1DYroXNJw","Q1DYroXNJw","","","","","0","Tokyo · 시부야","실제 사용자 선택값"
"FQquEimEOU8","QquEimEOU8","","","","","0","","실제 사용자 선택값"
"FQGrCdiIQAv","QGrCdiIQAv","","","","","0","Sapporo","실제 사용자 선택값"
"FQt5N1QrO1F","Qt5N1QrO1F","","","","","0","Tokyo · 시부야","실제 사용자 선택값"
"FQwSVJLo6n3","QwSVJLo6n3","","","","","0","","실제 사용자 선택값"
"FQx444Zmlxf","Qx444Zmlxf","","","","200000","0","Osaka","실제 사용자 선택값"
"FQoFm0DeKO2","QoFm0DeKO2","","","8","200000","7","Osaka · 우메다","실제 사용자 선택값"
"FQpbPzLGpbQ","QpbPzLGpbQ","","","8","200000","7","Osaka · 우메다","실제 사용자 선택값"
"FQKV74qmXN4","QKV74qmXN4","","","8","200000","7","Osaka · 우메다","실제 사용자 선택값"
"FQuWhrCRuRZ","QuWhrCRuRZ","","","","","0","Osaka · 우메다","실제 사용자 선택값"
"FQ18KTaGj8e","Q18KTaGj8e","","","9","","1","","실제 사용자 선택값"
"FQ9NAGk8lOS","Q9NAGk8lOS","","","","","0","","실제 사용자 선택값"
"FQcvPBwoECR","QcvPBwoECR","","","8","250000","5","","실제 사용자 선택값"
"FQHiWt5hbZX","QHiWt5hbZX","","","8","250000","5","","실제 사용자 선택값"
"FQcBd8Dn3Iq","QcBd8Dn3Iq","","","8","250000","5","","실제 사용자 선택값"
"FQZAYOIWt5J","QZAYOIWt5J","","","","","0","","실제 사용자 선택값"
"FQqIN8jULWE","QqIN8jULWE","","","","","0","","실제 사용자 선택값"
"FQSCxutafBO","QSCxutafBO","","","8","150000","4","Tokyo · 긴자·도쿄역","실제 사용자 선택값"
"FQkr9D9yZ1F","Qkr9D9yZ1F","","","8","150000","6","Tokyo · 긴자·도쿄역","실제 사용자 선택값"
"FQvMl8p2z9A","QvMl8p2z9A","","","8","150000","6","Tokyo · 긴자·도쿄역","실제 사용자 선택값"
"FQQy7zgkxJY","QQy7zgkxJY","","","8","150000","6","Tokyo · 긴자·도쿄역","실제 사용자 선택값"
"FQgA14vqfSP","QgA14vqfSP","","","8","150000","6","Tokyo · 긴자·도쿄역","실제 사용자 선택값"
"FQrJ738MBMH","QrJ738MBMH","","","8","150000","6","Tokyo · 긴자·도쿄역","실제 사용자 선택값"
"FQe3uY6H1Ix","Qe3uY6H1Ix","","","","","0","Tokyo · 긴자·도쿄역","실제 사용자 선택값"
"FQ6BQ66Uepu","Q6BQ66Uepu","","","8","","0","Tokyo","실제 사용자 선택값"
"FQwwqq7ONpF","Qwwqq7ONpF","","","8","","1","Tokyo","실제 사용자 선택값"
"FQJNmj7PZOb","QJNmj7PZOb","","","8","","1","","실제 사용자 선택값"
"FQvzgPWrjas","QvzgPWrjas","","","8","250000","1","","실제 사용자 선택값"
"FQO0jUvFnE0","QO0jUvFnE0","","","","","0","","실제 사용자 선택값"
"FQOL6MOrUPe","QOL6MOrUPe","","","9","200000","0","Tokyo · 시부야","실제 사용자 선택값"
"FQ3lldU1XCw","Q3lldU1XCw","","","9","200000","0","Tokyo · 시부야","실제 사용자 선택값"
"FQIO26lhj6N","QIO26lhj6N","","","9","200000","3","Tokyo · 시부야","실제 사용자 선택값"
"FQCpqajkxl2","QCpqajkxl2","","","9","200000","4","Tokyo · 시부야","실제 사용자 선택값"
"FQD8mraWVi4","QD8mraWVi4","","","","","0","Tokyo · 시부야","실제 사용자 선택값"
"FQwcHLdY10x","QwcHLdY10x","","","9","200000","3","Tokyo","실제 사용자 선택값"
"FQwa7ToFcYm","Qwa7ToFcYm","","","","","0","Tokyo","실제 사용자 선택값"
"FQ8AHm6zzeG","Q8AHm6zzeG","","","","","0","Tokyo","실제 사용자 선택값"
"FQ6k4EdqUNa","Q6k4EdqUNa","","","9","200000","3","Tokyo · 아사쿠사","실제 사용자 선택값"
"FQOVqoD2Qm8","QOVqoD2Qm8","","","9","200000","3","Tokyo · 아사쿠사","실제 사용자 선택값"
"FQ7C7RIN0So","Q7C7RIN0So","","","9","200000","3","Tokyo · 아사쿠사","실제 사용자 선택값"
"FQDKDmc94SM","QDKDmc94SM","","","9","200000","3","Tokyo · 아사쿠사","실제 사용자 선택값"
"FQcNyMIRiV2","QcNyMIRiV2","","","9","200000","3","Tokyo · 아사쿠사","실제 사용자 선택값"
"FQSRcIYy6Fm","QSRcIYy6Fm","","","9","200000","5","Tokyo · 아사쿠사","실제 사용자 선택값"
"FQVXDvxv83S","QVXDvxv83S","","","9","200000","5","Tokyo · 아사쿠사","실제 사용자 선택값"
"FQvZ57g7PO8","QvZ57g7PO8","","","9","200000","6","Tokyo · 아사쿠사","실제 사용자 선택값"
"FQ1hGCBSS5A","Q1hGCBSS5A","","","9","200000","6","Tokyo · 아사쿠사","실제 사용자 선택값"
"FQ9F9rBREM8","Q9F9rBREM8","","","9","200000","6","Tokyo · 아사쿠사","실제 사용자 선택값"
"FQfRK4ebqHF","QfRK4ebqHF","","","","","0","Tokyo · 아사쿠사","실제 사용자 선택값"
"FQJaBJG5wb3","QJaBJG5wb3","","","","200000","1","Fukuoka · 후쿠오카공항","실제 사용자 선택값"
"FQJnkm4HV1r","QJnkm4HV1r","","","8","200000","1","Fukuoka · 후쿠오카공항","실제 사용자 선택값"
"FQ7MNnGAQ4M","Q7MNnGAQ4M","","","8","200000","1","Fukuoka · 후쿠오카공항","실제 사용자 선택값"
"FQHA91KkPlz","QHA91KkPlz","","","8","200000","4","Fukuoka · 후쿠오카공항","실제 사용자 선택값"
"FQxeYMVXn1u","QxeYMVXn1u","","","","","0","Fukuoka · 후쿠오카공항","실제 사용자 선택값"
"FQgOAz8QOQt","QgOAz8QOQt","","","8","","4","Tokyo · 아사쿠사","실제 사용자 선택값"
"FQAb1vZ4GAk","QAb1vZ4GAk","","","8","","4","Tokyo · 아사쿠사","실제 사용자 선택값"
"FQt4HZi0lkI","Qt4HZi0lkI","","","8","","4","Tokyo · 시부야","실제 사용자 선택값"
"FQhNXUk5Q17","QhNXUk5Q17","","","8","","3","Tokyo · 시부야","실제 사용자 선택값"
"FQzW6pHMQvO","QzW6pHMQvO","","","8","300000","3","Tokyo · 시부야","실제 사용자 선택값"
"FQdQm7TB7Bh","QdQm7TB7Bh","","","8","300000","3","Tokyo · 아사쿠사","실제 사용자 선택값"
"FQlQV4DpnY7","QlQV4DpnY7","","","8","300000","3","Tokyo · 아사쿠사","실제 사용자 선택값"
"FQJJ5euyNY6","QJJ5euyNY6","","","8","300000","4","Tokyo · 아사쿠사","실제 사용자 선택값"
"FQTcSQ3UTG9","QTcSQ3UTG9","","","8","300000","4","Tokyo · 아사쿠사","실제 사용자 선택값"
"FQ5g1usJmNO","Q5g1usJmNO","","","","","0","Tokyo · 아사쿠사","실제 사용자 선택값"
"FQH7peFLBoy","QH7peFLBoy","","","","","0","Tokyo · 아사쿠사","실제 사용자 선택값"
"FQtg4AuTk80","Qtg4AuTk80","","","","","0","","실제 사용자 선택값"
"FQfTXekQDfJ","QfTXekQDfJ","","","","","1","Osaka · 베이 에어리어","실제 사용자 선택값"
"FQue6VVbeMu","Que6VVbeMu","","","","","1","Osaka · 베이 에어리어","실제 사용자 선택값"
"FQQi1j1K7dx","QQi1j1K7dx","","","","","1","Osaka · 우메다","실제 사용자 선택값"
"FQl67r81EpA","Ql67r81EpA","","","","","1","Osaka · 우메다","실제 사용자 선택값"
"FQ1E16J31sl","Q1E16J31sl","","","","","1","Sapporo · 삿포로역","실제 사용자 선택값"
"FQ5OhEcNvDL","Q5OhEcNvDL","","","","","0","Sapporo · 삿포로역","실제 사용자 선택값"
"FQ0hj3lX3d2","Q0hj3lX3d2","","","","","1","Osaka · 우메다","실제 사용자 선택값"
"FQ7KYhEjXuF","Q7KYhEjXuF","","","","","0","Sapporo · 조잔케이","실제 사용자 선택값"
"FQD19rpKLBu","QD19rpKLBu","","","","","0","Sapporo · 삿포로역","실제 사용자 선택값"
"FQKasDgCgMX","QKasDgCgMX","","","","","0","Sapporo · 삿포로역","실제 사용자 선택값"
"FQivme9BcfI","Qivme9BcfI","","","","","1","Sapporo · 스스키노","실제 사용자 선택값"
"FQFeDedfFiH","QFeDedfFiH","","","","","0","Sapporo · 스스키노","실제 사용자 선택값"
"FQzEPjGbPin","QzEPjGbPin","","","","","0","Sapporo · 스스키노","실제 사용자 선택값"
"FQB3WlYYqhr","QB3WlYYqhr","","","9","","1","Osaka · 우메다","실제 사용자 선택값"
"FQ4ojVzeYmP","Q4ojVzeYmP","","","9","","1","Osaka · 우메다","실제 사용자 선택값"
"FQz8qULWeAO","Qz8qULWeAO","","","9","","0","Osaka · 우메다","실제 사용자 선택값"
"FQFE89HVGJy","QFE89HVGJy","","","","","0","Osaka · 우메다","실제 사용자 선택값"
"FQyiluUQR6w","QyiluUQR6w","","","9","150000","0","Tokyo · 긴자·도쿄역","실제 사용자 선택값"
"FQ2r2D0t4EI","Q2r2D0t4EI","","","9","150000","0","Tokyo · 긴자·도쿄역","실제 사용자 선택값"
"FQ144xkNQ66","Q144xkNQ66","","","9","150000","8","Tokyo · 긴자·도쿄역","실제 사용자 선택값"
"FQrOH8Wh0MU","QrOH8Wh0MU","","","9","150000","8","Tokyo · 긴자·도쿄역","실제 사용자 선택값"
"FQABMEZ2Lmp","QABMEZ2Lmp","","","9","150000","8","Tokyo · 긴자·도쿄역","실제 사용자 선택값"
"FQMya34Dtrx","QMya34Dtrx","","","9","150000","8","Tokyo · 긴자·도쿄역","실제 사용자 선택값"
"FQLrcXogjG4","QLrcXogjG4","","","","","0","Tokyo · 긴자·도쿄역","실제 사용자 선택값"
"FQbBJTBUPa4","QbBJTBUPa4","","","9","100000","4","Osaka · 난바","실제 사용자 선택값"
"FQKllNtGPha","QKllNtGPha","","","9","150000","4","Osaka · 난바","실제 사용자 선택값"
"FQE7r3ta0u4","QE7r3ta0u4","","","9","150000","4","Osaka · 난바","실제 사용자 선택값"
"FQa0fMoODEd","Qa0fMoODEd","","","9","150000","2","Osaka · 도톤보리","실제 사용자 선택값"
"FQGGpgMQ4v5","QGGpgMQ4v5","","","8","100000","3","Osaka · 도톤보리","실제 사용자 선택값"
"FQvaUyoaO1v","QvaUyoaO1v","","","8","100000","4","Osaka · 도톤보리","실제 사용자 선택값"
"FQJ5UwonmAd","QJ5UwonmAd","","","8","100000","7","Osaka · 도톤보리","실제 사용자 선택값"
"FQgJG1BMi66","QgJG1BMi66","","","8","100000","7","Osaka · 도톤보리","실제 사용자 선택값"
"FQPBoqRdZbv","QPBoqRdZbv","","","","","0","Osaka · 도톤보리","실제 사용자 선택값"
"FQ8F2x5T73e","Q8F2x5T73e","","","","","0","Osaka","실제 사용자 선택값"
"FQUtMXdv6ob","QUtMXdv6ob","","","8","400000","5","Osaka","실제 사용자 선택값"
"FQQePBK5z8x","QQePBK5z8x","","","8","400000","4","Osaka","실제 사용자 선택값"
"FQTFeF2EU9i","QTFeF2EU9i","","","8","300000","4","Osaka","실제 사용자 선택값"
"FQtwAVcibe6","QtwAVcibe6","","","8","300000","4","Osaka","실제 사용자 선택값"
"FQyOpiHRmKC","QyOpiHRmKC","","","8","300000","4","Osaka","실제 사용자 선택값"
"FQt0WKa0SLV","Qt0WKa0SLV","","","","","0","Osaka","실제 사용자 선택값"
"FQx8ZxQys2h","Qx8ZxQys2h","","","","","2","Tokyo","실제 사용자 선택값"
"FQwnjNndIom","QwnjNndIom","","","","","14","Tokyo · 시부야","실제 사용자 선택값"
"FQsD7Y2RjXZ","QsD7Y2RjXZ","","","","","0","Tokyo · 시부야","실제 사용자 선택값"
"FQrZAOp2NGj","QrZAOp2NGj","","","","","0","Osaka · 혼마치","실제 사용자 선택값"
"FQ3NxstM9ZB","Q3NxstM9ZB","","","","","0","Osaka · 혼마치","실제 사용자 선택값"
"FQWuZuCjegd","QWuZuCjegd","","","","","2","","실제 사용자 선택값"
"FQi3n1cMsZ1","Qi3n1cMsZ1","","","","","1","","실제 사용자 선택값"
"FQySvTZrgfx","QySvTZrgfx","","","","","0","","실제 사용자 선택값"
"FQPvgun94HV","QPvgun94HV","","","","","0","","실제 사용자 선택값"
"FQ1blO4uG1n","Q1blO4uG1n","","","7","500000","6","Tokyo · 긴자·도쿄역","실제 사용자 선택값"
"FQLf7Ck6UwJ","QLf7Ck6UwJ","","","9","500000","6","Tokyo · 긴자·도쿄역","실제 사용자 선택값"
"FQhzNheB7lJ","QhzNheB7lJ","","","9","500000","6","Tokyo · 긴자·도쿄역","실제 사용자 선택값"
"FQQH9lq7yvj","QQH9lq7yvj","","","9","500000","6","Tokyo · 긴자·도쿄역","실제 사용자 선택값"
"FQBCHAwUJn9","QBCHAwUJn9","","","","","0","Tokyo · 긴자·도쿄역","실제 사용자 선택값"
"FQ1kmQKk0rb","Q1kmQKk0rb","","","8","300000","3","","실제 사용자 선택값"
"FQpt90DDgsn","Qpt90DDgsn","","","8","300000","3","","실제 사용자 선택값"
"FQ0nO9cnSPd","Q0nO9cnSPd","","","8","300000","4","","실제 사용자 선택값"
"FQQ5RXBXBR4","QQ5RXBXBR4","","","8","300000","4","","실제 사용자 선택값"
"FQdVKYmGhra","QdVKYmGhra","","","8","300000","4","","실제 사용자 선택값"
"FQD4U3ztNlp","QD4U3ztNlp","","","8","300000","4","","실제 사용자 선택값"
"FQ0alv53UTl","Q0alv53UTl","","","8","300000","4","","실제 사용자 선택값"
"FQi6IhgLadE","Qi6IhgLadE","","","","","0","","실제 사용자 선택값"
"FQ1ZmSWFT1T","Q1ZmSWFT1T","","","","","1","Tokyo · 신주쿠","실제 사용자 선택값"
"FQvArPo2JT7","QvArPo2JT7","","","","","0","Tokyo · 신주쿠","실제 사용자 선택값"
"FQ7f2HeFFFW","Q7f2HeFFFW","","","","","0","Tokyo · 신주쿠","실제 사용자 선택값"
"FQNHhx3jdVH","QNHhx3jdVH","","","","","1","Fukuoka · 하카타역","실제 사용자 선택값"
"FQkmoq7rfGj","Qkmoq7rfGj","","","","","0","Fukuoka · 하카타역","실제 사용자 선택값"
"FQhCR0t5IkB","QhCR0t5IkB","","","","","0","Fukuoka · 하카타역","실제 사용자 선택값"
"FQ9R6aKDqdQ","Q9R6aKDqdQ","","","","","0","Fukuoka · 하카타역","실제 사용자 선택값"
"FQQ0zK37fEm","QQ0zK37fEm","","","","","0","Kyoto · 교토역","실제 사용자 선택값"
"FQ0ziQEmxKz","Q0ziQEmxKz","","","","","0","Kyoto · 아라시야마","실제 사용자 선택값"
"FQPFT3MmIOr","QPFT3MmIOr","","","","","0","Kyoto · 아라시야마","실제 사용자 선택값"
"FQMfp2J1ja2","QMfp2J1ja2","","","","","2","Osaka · 우메다","실제 사용자 선택값"
"FQkIVhDt22g","QkIVhDt22g","","","","","2","Osaka · 신사이바시","실제 사용자 선택값"
"FQbC8XA3KTg","QbC8XA3KTg","","","","","2","Osaka · 베이 에어리어","실제 사용자 선택값"
"FQv3ns58DE8","Qv3ns58DE8","","","","","3","Osaka · 베이 에어리어","실제 사용자 선택값"
"FQNJsD4kPg0","QNJsD4kPg0","","","","","3","Osaka · 혼마치","실제 사용자 선택값"
"FQDOaJ4gi3E","QDOaJ4gi3E","","","","","3","Osaka · 난바","실제 사용자 선택값"
"FQ3coLsdzsA","Q3coLsdzsA","","","","","3","Osaka · 우메다","실제 사용자 선택값"
"FQLu3t2o66w","QLu3t2o66w","","","","","3","Osaka · 우메다","실제 사용자 선택값"
"FQNZZ7f3AVs","QNZZ7f3AVs","","","","","2","Osaka · 우메다","실제 사용자 선택값"
"FQxoEav5d6U","QxoEav5d6U","","","","","2","Osaka","실제 사용자 선택값"
"FQz6XeRkveI","Qz6XeRkveI","","","","","0","Osaka · 신사이바시","실제 사용자 선택값"
"FQNFRCCVqbP","QNFRCCVqbP","","","","","0","Kyoto","실제 사용자 선택값"
"FQS2Nf7ujam","QS2Nf7ujam","","","","","1","Kyoto","실제 사용자 선택값"
"FQ1pmoZBGd2","Q1pmoZBGd2","","","","","1","Kyoto","실제 사용자 선택값"
"FQSN7J6w0JM","QSN7J6w0JM","","","","","2","Kyoto","실제 사용자 선택값"
"FQfwZVSviLs","QfwZVSviLs","","","","","3","Kyoto","실제 사용자 선택값"
"FQzsgiJmvpS","QzsgiJmvpS","","","","","0","Kyoto","실제 사용자 선택값"
"FQgVB7GVeCU","QgVB7GVeCU","","","","","0","Fukuoka · 하카타역","실제 사용자 선택값"
"FQjccAp74FV","QjccAp74FV","","","","","1","Osaka · 난바","실제 사용자 선택값"
"FQXR60h3snv","QXR60h3snv","","","","","1","Fukuoka · 텐진","실제 사용자 선택값"
"FQHJ9KMR6c0","QHJ9KMR6c0","","","","","0","Fukuoka · 텐진","실제 사용자 선택값"
"FQP5zYUYuK3","QP5zYUYuK3","","","","","3","","실제 사용자 선택값"
"FQWr1WK9Qt2","QWr1WK9Qt2","","","","","0","","실제 사용자 선택값"
"FQXpCq5SenS","QXpCq5SenS","","","9","","2","Tokyo · 신주쿠","실제 사용자 선택값"
"FQ2ZWvN7WQv","Q2ZWvN7WQv","","","9","","0","Tokyo · 신주쿠","실제 사용자 선택값"
"FQN7QHax84N","QN7QHax84N","","","","","0","Tokyo · 신주쿠","실제 사용자 선택값"
"FQhM79a9imX","QhM79a9imX","","","","","0","","실제 사용자 선택값"
"FQy9phiue1Y","Qy9phiue1Y","","","","","2","Sapporo","실제 사용자 선택값"
"FQA2UNahkwm","QA2UNahkwm","","","","","0","Fukuoka · 하카타역","실제 사용자 선택값"
"FQAQYUagzxG","QAQYUagzxG","","","","","0","Sapporo","실제 사용자 선택값"
"FQWBsF3FDla","QWBsF3FDla","","","7","","4","Sapporo","실제 사용자 선택값"
"FQTREFrQEKy","QTREFrQEKy","","","7","","4","Kyoto","실제 사용자 선택값"
"FQE2skmxqtN","QE2skmxqtN","","","7","","4","Osaka","실제 사용자 선택값"
"FQa8azF2WC3","Qa8azF2WC3","","","7","","4","Osaka","실제 사용자 선택값"
"FQUO2PegZM0","QUO2PegZM0","","","7","","4","Osaka","실제 사용자 선택값"
"FQViuMM7Oz3","QViuMM7Oz3","","","7","","5","Osaka","실제 사용자 선택값"
"FQw6asIBogx","Qw6asIBogx","","","7","","6","Osaka","실제 사용자 선택값"
"FQ9p0GVJd87","Q9p0GVJd87","","","7","","7","Osaka","실제 사용자 선택값"
"FQggs5ViKs6","Qggs5ViKs6","","","7","","7","Osaka · 신오사카","실제 사용자 선택값"
"FQSVwupeLeB","QSVwupeLeB","","","7","","7","Osaka","실제 사용자 선택값"
"FQTNHlfQlWK","QTNHlfQlWK","","","8","","7","Osaka","실제 사용자 선택값"
"FQ2pHbv607e","Q2pHbv607e","","","8","","7","","실제 사용자 선택값"
"FQeGll1HGG0","QeGll1HGG0","","","8","","7","","실제 사용자 선택값"
"FQqyC1G3Ogh","QqyC1G3Ogh","","","8","","9","","실제 사용자 선택값"
"FQvGWKdjvxi","QvGWKdjvxi","","","8","","10","","실제 사용자 선택값"
"FQ0Hk8yHrcS","Q0Hk8yHrcS","","","8","","10","","실제 사용자 선택값"
"FQ0we4ad3p2","Q0we4ad3p2","","","8","","10","","실제 사용자 선택값"
"FQA7bQhTiLs","QA7bQhTiLs","","","8","150000","10","","실제 사용자 선택값"
"FQHJY1Vy3gK","QHJY1Vy3gK","","","8","150000","10","","실제 사용자 선택값"
"FQcq2sPYINS","Qcq2sPYINS","","","","","0","Fukuoka · 텐진","실제 사용자 선택값"
"FQKseW8I0l7","QKseW8I0l7","","","","","1","Fukuoka · 텐진","실제 사용자 선택값"
"FQOyv1GVGSa","QOyv1GVGSa","","","","","2","Fukuoka · 텐진","실제 사용자 선택값"
"FQGILGPdaaf","QGILGPdaaf","","","","","2","Fukuoka · 텐진","실제 사용자 선택값"
"FQIofE2CcLU","QIofE2CcLU","","","","","0","","실제 사용자 선택값"
"FQY09kGxy8F","QY09kGxy8F","","","","","0","","실제 사용자 선택값"
"FQLRmTuz6bd","QLRmTuz6bd","","","","","0","Fukuoka · 다자이후","실제 사용자 선택값"
"FQEelg8ZQ9v","QEelg8ZQ9v","","","","","0","Fukuoka · 다자이후","실제 사용자 선택값"
"FQc9unS1iN4","Qc9unS1iN4","","","","","0","Fukuoka · 다자이후","실제 사용자 선택값"
"FQFQfGGxB7C","QFQfGGxB7C","","","8","200000","0","Sapporo · 스스키노","실제 사용자 선택값"
"FQU5L077FC4","QU5L077FC4","","","","","0","Sapporo · 스스키노","실제 사용자 선택값"
"FQHEes8JGl4","QHEes8JGl4","","","8","","1","Kyoto","실제 사용자 선택값"
"FQgw6cthBke","Qgw6cthBke","","","8","","1","Kyoto","실제 사용자 선택값"
"FQeO8BWowuQ","QeO8BWowuQ","","","8","","1","Kyoto","실제 사용자 선택값"
"FQWgnGg4bx4","QWgnGg4bx4","","","","","0","Kyoto","실제 사용자 선택값"
"FQEe4A3pfOC","QEe4A3pfOC","","","8","","1","Tokyo · 신주쿠","실제 사용자 선택값"
"FQq3kiTTYV2","Qq3kiTTYV2","","","8","","2","Tokyo · 신주쿠","실제 사용자 선택값"
"FQBJ8OQa7v5","QBJ8OQa7v5","","","","","0","Tokyo · 신주쿠","실제 사용자 선택값"
"FQc0zjdpewR","Qc0zjdpewR","","","9","300000","0","","실제 사용자 선택값"
"FQIzF4dO07g","QIzF4dO07g","","","9","300000","0","","실제 사용자 선택값"
"FQuPacEA6qw","QuPacEA6qw","","","9","300000","1","","실제 사용자 선택값"
"FQ85VtJzygQ","Q85VtJzygQ","","","9","300000","2","","실제 사용자 선택값"
"FQfY7e9nSuD","QfY7e9nSuD","","","9","300000","3","","실제 사용자 선택값"
"FQUD9FJSnhP","QUD9FJSnhP","","","9","300000","4","","실제 사용자 선택값"
"FQm8QU0i9f1","Qm8QU0i9f1","","","9","300000","6","","실제 사용자 선택값"
"FQsfgBXWBsE","QsfgBXWBsE","","","9","200000","0","Sapporo · 스스키노","실제 사용자 선택값"
"FQXEmuiN91c","QXEmuiN91c","","","","","0","","실제 사용자 선택값"
"FQdJcW3bHTQ","QdJcW3bHTQ","","","9","200000","0","Sapporo · 삿포로역","실제 사용자 선택값"
"FQE8FKEgEHY","QE8FKEgEHY","","","9","200000","0","Sapporo · 오도리","실제 사용자 선택값"
"FQtgT67Z9J2","QtgT67Z9J2","","","9","200000","0","Sapporo","실제 사용자 선택값"
"FQ20ze9WvuD","Q20ze9WvuD","","","9","200000","0","Sapporo","실제 사용자 선택값"
"FQYnqAOLdk9","QYnqAOLdk9","","","","200000","0","Sapporo","실제 사용자 선택값"
"FQIQUrGyX2R","QIQUrGyX2R","","","","","0","Sapporo","실제 사용자 선택값"
"FQVb4N776JF","QVb4N776JF","","","9","200000","0","Tokyo · 시부야","실제 사용자 선택값"
"FQeqY33BRal","QeqY33BRal","","","","","0","Tokyo · 시부야","실제 사용자 선택값"
"FQU9ouTT4sN","QU9ouTT4sN","","","","","1","Kyoto · 교토역","실제 사용자 선택값"
"FQXLsAqGTu8","QXLsAqGTu8","","","","","2","Kyoto · 교토역","실제 사용자 선택값"
"FQ504QO0eho","Q504QO0eho","","","","","0","Kyoto · 교토역","실제 사용자 선택값"
"FQM024jAVa9","QM024jAVa9","","","8","200000","4","Osaka","실제 사용자 선택값"
"FQx2ylHJaeU","Qx2ylHJaeU","","","9","200000","3","Osaka · 신사이바시","실제 사용자 선택값"
"FQszxMx07ps","QszxMx07ps","","","9","200000","3","Osaka · 신사이바시","실제 사용자 선택값"
"FQvbLNeWFHO","QvbLNeWFHO","","","9","200000","3","Osaka · 신사이바시","실제 사용자 선택값"
"FQBbv00qVqv","QBbv00qVqv","","","9","200000","4","Osaka · 신사이바시","실제 사용자 선택값"
"FQFMU1dCdR3","QFMU1dCdR3","","","","","0","Osaka · 오사카성","실제 사용자 선택값"
"FQZVTvvChUQ","QZVTvvChUQ","","","9","100000","4","Osaka · 신사이바시","실제 사용자 선택값"
"FQw4zvSJSN6","Qw4zvSJSN6","","","","","0","","실제 사용자 선택값"
"FQ7eMXZBvMB","Q7eMXZBvMB","","","9","100000","4","Osaka · 신사이바시","실제 사용자 선택값"
"FQQTUE2ToUl","QQTUE2ToUl","","","9","100000","4","Osaka · 신사이바시","실제 사용자 선택값"
"FQEhf8Qa94O","QEhf8Qa94O","","","","","0","Osaka · 신사이바시","실제 사용자 선택값"
"FQfyEdhfadA","QfyEdhfadA","","","","","0","Osaka · 오사카성","실제 사용자 선택값"
"FQyoWpIknRm","QyoWpIknRm","","","","","0","Osaka · 오사카성","실제 사용자 선택값"
"FQ24gQrT5q7","Q24gQrT5q7","","","8","200000","3","Osaka · 난바","실제 사용자 선택값"
"FQhjQC7ISJ6","QhjQC7ISJ6","","","","","0","Osaka · 난바","실제 사용자 선택값"
"FQxu77L6taS","Qxu77L6taS","","","8","200000","3","Osaka · 도톤보리","실제 사용자 선택값"
"FQls5gz8SJD","Qls5gz8SJD","","","","","0","Osaka · 도톤보리","실제 사용자 선택값"
"FQTvZr8uy4w","QTvZr8uy4w","","","8","300000","1","Osaka","실제 사용자 선택값"
"FQQMO8goOoL","QQMO8goOoL","","","8","300000","2","Osaka","실제 사용자 선택값"
"FQ2qumLC8YL","Q2qumLC8YL","","","","","0","Osaka","실제 사용자 선택값"
"FQxPrUnBtZx","QxPrUnBtZx","","","","","0","","실제 사용자 선택값"
"FQHaA7LVU77","QHaA7LVU77","","","8","200000","2","Tokyo · 신주쿠","실제 사용자 선택값"
"FQ5gRr1F1T9","Q5gRr1F1T9","","","8","200000","3","Tokyo · 신주쿠","실제 사용자 선택값"
"FQZBsNvYNxW","QZBsNvYNxW","","","8","200000","3","Tokyo · 신주쿠","실제 사용자 선택값"
"FQzSc7wHrY0","QzSc7wHrY0","","","8","200000","3","Tokyo · 신주쿠","실제 사용자 선택값"
"FQQFpVOZ85A","QQFpVOZ85A","","","8","200000","3","Tokyo · 신주쿠","실제 사용자 선택값"
"FQu7IZVdIfa","Qu7IZVdIfa","","","","","0","Tokyo · 신주쿠","실제 사용자 선택값"
"FQtDKCdNw6C","QtDKCdNw6C","","","8","300000","4","Tokyo · 신주쿠","실제 사용자 선택값"
"FQwjUK90866","QwjUK90866","","","8","300000","4","Tokyo · 신주쿠","실제 사용자 선택값"
"FQupJS7cgM0","QupJS7cgM0","","","8","250000","5","Tokyo · 신주쿠","실제 사용자 선택값"
"FQCX8RETMGf","QCX8RETMGf","","","8","250000","5","Tokyo · 신주쿠","실제 사용자 선택값"
"FQD9Zfdh8J7","QD9Zfdh8J7","","","8","250000","5","Tokyo · 신주쿠","실제 사용자 선택값"
"FQGkRaJMpzt","QGkRaJMpzt","","","","","0","Tokyo · 신주쿠","실제 사용자 선택값"
"FQef6nhfBaf","Qef6nhfBaf","","","8","300000","2","Osaka · 난바","실제 사용자 선택값"
"FQr8f8e0yPK","Qr8f8e0yPK","","","8","300000","2","Osaka · 난바","실제 사용자 선택값"
"FQ5su591bLG","Q5su591bLG","","","8","300000","2","Osaka · 난바","실제 사용자 선택값"
"FQJimeDlDOV","QJimeDlDOV","","","8","300000","6","Osaka · 난바","실제 사용자 선택값"
"FQp4nY8fw73","Qp4nY8fw73","","","8","300000","6","Osaka · 난바","실제 사용자 선택값"
"FQZexs2DQR6","QZexs2DQR6","","","8","300000","7","Osaka · 난바","실제 사용자 선택값"
"FQuVxROuQ7j","QuVxROuQ7j","","","9","300000","7","Osaka · 난바","실제 사용자 선택값"
"FQ31Aqviple","Q31Aqviple","","","9","300000","8","Osaka · 난바","실제 사용자 선택값"
"FQoNkA0Hv40","QoNkA0Hv40","","","9","300000","8","Osaka · 난바","실제 사용자 선택값"
"FQp9D5k4c1O","Qp9D5k4c1O","","","9","300000","8","Osaka · 난바","실제 사용자 선택값"
"FQD0YRMjvrt","QD0YRMjvrt","","","","","0","Osaka · 난바","실제 사용자 선택값"
"FQ8wd7zWQqV","Q8wd7zWQqV","","","","","0","Tokyo · 아사쿠사","실제 사용자 선택값"
"FQU2RASM7ei","QU2RASM7ei","","","","","0","Tokyo · 긴자·도쿄역","실제 사용자 선택값"
"FQnqMOZhcIJ","QnqMOZhcIJ","","","","","0","Tokyo · 신주쿠","실제 사용자 선택값"
"FQktaikj4nh","Qktaikj4nh","","","8","","0","Tokyo · 신주쿠","실제 사용자 선택값"
"FQ8xtjCAOnE","Q8xtjCAOnE","","","8","","2","Tokyo · 신주쿠","실제 사용자 선택값"
"FQqlwUL4k8Z","QqlwUL4k8Z","","","8","","2","Tokyo · 신주쿠","실제 사용자 선택값"
"FQcyUI8eGde","QcyUI8eGde","","","","","0","Tokyo · 신주쿠","실제 사용자 선택값"
"FQM2sjX0ZDi","QM2sjX0ZDi","","","8","200000","6","Tokyo · 시부야","실제 사용자 선택값"
"FQX9VhQsOeU","QX9VhQsOeU","","","8","200000","6","Tokyo · 시부야","실제 사용자 선택값"
"FQI2auVPTo7","QI2auVPTo7","","","8","200000","6","Tokyo · 시부야","실제 사용자 선택값"
"FQBTb7ywz5i","QBTb7ywz5i","","","8","200000","6","Tokyo · 신주쿠","실제 사용자 선택값"
"FQSwrDZHjxa","QSwrDZHjxa","","","8","200000","6","Tokyo · 신주쿠","실제 사용자 선택값"
"FQDfmBpKxkV","QDfmBpKxkV","","","8","200000","6","Tokyo · 신주쿠","실제 사용자 선택값"
"FQFmOUuXwC0","QFmOUuXwC0","","","8","200000","6","Tokyo · 신주쿠","실제 사용자 선택값"
"FQVKRzz0fER","QVKRzz0fER","","","8","200000","6","","실제 사용자 선택값"
"FQVqaigocSV","QVqaigocSV","","","8","200000","6","","실제 사용자 선택값"
"FQ2GRU8o0Nj","Q2GRU8o0Nj","","","","","0","","실제 사용자 선택값"
"FQXWFj3kYp7","QXWFj3kYp7","","","","500000","2","Tokyo · 신주쿠","실제 사용자 선택값"
"FQo2WTKTIMg","Qo2WTKTIMg","","","","500000","1","Tokyo · 긴자·도쿄역","실제 사용자 선택값"
"FQeVSvCuOet","QeVSvCuOet","","","","500000","2","Tokyo · 신주쿠","실제 사용자 선택값"
"FQuH3nnhxsi","QuH3nnhxsi","","","","500000","0","Tokyo · 긴자·도쿄역","실제 사용자 선택값"
"FQjAiUJuB3j","QjAiUJuB3j","","","","500000","3","Tokyo · 신주쿠","실제 사용자 선택값"
"FQILNQUZiVw","QILNQUZiVw","","","","500000","0","Tokyo · 긴자·도쿄역","실제 사용자 선택값"
"FQFevBckUUl","QFevBckUUl","","","","500000","0","Tokyo · 긴자·도쿄역","실제 사용자 선택값"
"FQ1eBzpF3TZ","Q1eBzpF3TZ","","","8","500000","3","Tokyo · 신주쿠","실제 사용자 선택값"
"FQl1iySF0Hs","Ql1iySF0Hs","","","","150000","1","Tokyo · 긴자·도쿄역","실제 사용자 선택값"
"FQ62XNf9b75","Q62XNf9b75","","","8","500000","3","Tokyo · 신주쿠","실제 사용자 선택값"
"FQEUIxt7cQL","QEUIxt7cQL","","","","","0","Tokyo · 신주쿠","실제 사용자 선택값"
"FQPZN9Elyzn","QPZN9Elyzn","","","","150000","1","Tokyo · 긴자·도쿄역","실제 사용자 선택값"
"FQ2C8brPDg5","Q2C8brPDg5","","","","150000","2","Tokyo · 긴자·도쿄역","실제 사용자 선택값"
"FQJEQt6klls","QJEQt6klls","","","","150000","3","Tokyo · 긴자·도쿄역","실제 사용자 선택값"
"FQre2qYcg89","Qre2qYcg89","","","","","0","Tokyo · 긴자·도쿄역","실제 사용자 선택값"
"FQQyFZGzpBr","QQyFZGzpBr","","","","","0","","실제 사용자 선택값"
"FQcByEYGsAw","QcByEYGsAw","","","","","0","","실제 사용자 선택값"
"FQbP8N339oQ","QbP8N339oQ","","","","","0","","실제 사용자 선택값"
"FQ2Wwuhp1r8","Q2Wwuhp1r8","","","","300000","0","","실제 사용자 선택값"
"FQIwkzjtPq3","QIwkzjtPq3","","","","300000","0","","실제 사용자 선택값"
"FQokKERhJ3J","QokKERhJ3J","","","","300000","0","","실제 사용자 선택값"
"FQ2w31eDgfo","Q2w31eDgfo","","","","","0","","실제 사용자 선택값"
"FQXdBK8pzTg","QXdBK8pzTg","","","","200000","1","","실제 사용자 선택값"
"FQVgFSjAo5o","QVgFSjAo5o","","","","","0","","실제 사용자 선택값"
"FQwOCzyM71r","QwOCzyM71r","","","","","0","","실제 사용자 선택값"
"FQHUNBRM33l","QHUNBRM33l","","","","","0","Tokyo · 우에노","실제 사용자 선택값"
"FQcKe3jcZ74","QcKe3jcZ74","","","","","0","","실제 사용자 선택값"
"FSRC_4679D98F4292","SRC_4679D98F4292","","","","","0","Osaka · 난바","실제 사용자 선택값"
"FSRC_110DE18CDD2B","SRC_110DE18CDD2B","","","","","0","Osaka · 신사이바시","실제 사용자 선택값"
"FSRC_266170412DCF","SRC_266170412DCF","","","","","0","","실제 사용자 선택값"
"FSRC_75A3B9045174","SRC_75A3B9045174","","","","","0","","실제 사용자 선택값"
"FSRC_F1E09B43D0D9","SRC_F1E09B43D0D9","","","","","0","","실제 사용자 선택값"
"FSRC_4D3787E525C7","SRC_4D3787E525C7","","","","","2","Osaka","실제 사용자 선택값"
"FSRC_E1722784E964","SRC_E1722784E964","","","","","0","","실제 사용자 선택값"
"FSRC_8C3E04C0B420","SRC_8C3E04C0B420","","","","","0","Tokyo · 신주쿠","실제 사용자 선택값"
"FSRC_C066F6FC3A4D","SRC_C066F6FC3A4D","","","","","0","","실제 사용자 선택값"
"FSRC_D50AA27DB720","SRC_D50AA27DB720","","","","","2","Osaka","실제 사용자 선택값"
"FSRC_638D0BE82730","SRC_638D0BE82730","","","","","0","Osaka","실제 사용자 선택값"
"FSRC_266145572682","SRC_266145572682","","","","","0","Osaka","실제 사용자 선택값"
"FSRC_896B5A698363","SRC_896B5A698363","","","","","0","","실제 사용자 선택값"
"FSRC_ADD96FC335E5","SRC_ADD96FC335E5","","","","","0","Tokyo · 시부야","실제 사용자 선택값"
"FSRC_DA95A744930A","SRC_DA95A744930A","","","","","0","Tokyo · 시부야","실제 사용자 선택값"
"FSRC_11BB37B3A06A","SRC_11BB37B3A06A","","","","","0","","실제 사용자 선택값"
"FSRC_BDA0A327A8D1","SRC_BDA0A327A8D1","","","","200000","1","Tokyo · 신주쿠","실제 사용자 선택값"
"FSRC_DB2A2F626C46","SRC_DB2A2F626C46","","","","","0","Tokyo · 신주쿠","실제 사용자 선택값"
"FSRC_392BD3F56AF9","SRC_392BD3F56AF9","","","","","0","Tokyo","실제 사용자 선택값"
"FSRC_387B6AFEE2C4","SRC_387B6AFEE2C4","","","","","0","Tokyo","실제 사용자 선택값"
"FSRC_45531F7A4694","SRC_45531F7A4694","","","","","0","Tokyo","실제 사용자 선택값"
"FSRC_282A8F876C92","SRC_282A8F876C92","","","","","0","Tokyo","실제 사용자 선택값"
"FSRC_99208BD60CEF","SRC_99208BD60CEF","","","","","0","Tokyo","실제 사용자 선택값"
"FSRC_093A4F2F38BF","SRC_093A4F2F38BF","","","","","0","Kyoto","실제 사용자 선택값"
"FSRC_992C4EC4C884","SRC_992C4EC4C884","","","","","0","Tokyo · 신주쿠","실제 사용자 선택값"
"FSRC_B5CFFD1DD9D6","SRC_B5CFFD1DD9D6","","","","","0","Tokyo · 신주쿠","실제 사용자 선택값"
"FSRC_1605AE52C568","SRC_1605AE52C568","","","","","0","Tokyo · 신주쿠","실제 사용자 선택값"
"FSRC_E279073F756A","SRC_E279073F756A","","","","","0","","실제 사용자 선택값"
"FSRC_831EFEEFA7B2","SRC_831EFEEFA7B2","","","","","0","","실제 사용자 선택값"
"FSRC_113785FDFA0E","SRC_113785FDFA0E","","","8","250000","0","Tokyo","실제 사용자 선택값"
"FSRC_9E1B33F31F78","SRC_9E1B33F31F78","","","8","250000","1","Tokyo","실제 사용자 선택값"
"FSRC_62FCB548F0D3","SRC_62FCB548F0D3","","","8","150000","0","Tokyo","실제 사용자 선택값"
"FSRC_653766C9072E","SRC_653766C9072E","","","8","150000","0","Tokyo","실제 사용자 선택값"
"FSRC_166B79D3FEC1","SRC_166B79D3FEC1","","","8","150000","0","Tokyo","실제 사용자 선택값"
"FSRC_CB225190004A","SRC_CB225190004A","","","8","150000","0","Tokyo","실제 사용자 선택값"
"FSRC_9E191123A02F","SRC_9E191123A02F","","","8","150000","0","Tokyo","실제 사용자 선택값"
"FSRC_5B1DD2B8E885","SRC_5B1DD2B8E885","","","8","150000","0","Tokyo","실제 사용자 선택값"
"FSRC_FC486B8B8C23","SRC_FC486B8B8C23","","","8","150000","0","Tokyo","실제 사용자 선택값"
"FSRC_B96D6882EDCC","SRC_B96D6882EDCC","","","8","150000","0","Tokyo","실제 사용자 선택값"
"FSRC_1D920875F09D","SRC_1D920875F09D","","","8","150000","0","Tokyo","실제 사용자 선택값"
"FSRC_026D90CAEA49","SRC_026D90CAEA49","","","8","150000","0","Tokyo","실제 사용자 선택값"
"FSRC_1E65F51A9B52","SRC_1E65F51A9B52","","","8","150000","0","Tokyo","실제 사용자 선택값"
"FSRC_EB7807358207","SRC_EB7807358207","","","8","150000","0","Tokyo","실제 사용자 선택값"
"FSRC_8DDCAD036A07","SRC_8DDCAD036A07","","","8","150000","0","Tokyo","실제 사용자 선택값"
"FSRC_CF7B6FD9342A","SRC_CF7B6FD9342A","","","8","150000","0","Tokyo","실제 사용자 선택값"
"FSRC_433CA021A75D","SRC_433CA021A75D","","","8","150000","0","Tokyo","실제 사용자 선택값"
"FSRC_0FCEBA970FD4","SRC_0FCEBA970FD4","","","8","150000","0","Tokyo","실제 사용자 선택값"
"FSRC_E718D1AAA11A","SRC_E718D1AAA11A","","","8","150000","0","Tokyo","실제 사용자 선택값"
"FSRC_557BEFDC1A17","SRC_557BEFDC1A17","","","8","250000","2","Tokyo","실제 사용자 선택값"
"FSRC_F5947165B262","SRC_F5947165B262","","","8","150000","0","Tokyo","실제 사용자 선택값"
"FSRC_03D284813225","SRC_03D284813225","","","8","150000","0","Tokyo","실제 사용자 선택값"
"FSRC_CAAE235354E0","SRC_CAAE235354E0","","","8","150000","0","Tokyo","실제 사용자 선택값"
"FSRC_0E63648FB61F","SRC_0E63648FB61F","","","8","150000","0","Tokyo","실제 사용자 선택값"
"FSRC_FC0E96A58923","SRC_FC0E96A58923","","","8","250000","1","Tokyo","실제 사용자 선택값"
"FSRC_2817810019AD","SRC_2817810019AD","","","8","150000","1","Tokyo","실제 사용자 선택값"
"FSRC_0EECB504A17E","SRC_0EECB504A17E","","","8","200000","1","Tokyo","실제 사용자 선택값"
"FSRC_9392CFAAAF5D","SRC_9392CFAAAF5D","","","8","150000","0","Tokyo","실제 사용자 선택값"
"FSRC_55F66E5CC907","SRC_55F66E5CC907","","","","150000","0","Tokyo","실제 사용자 선택값"
"FSRC_9C63DF75BCC2","SRC_9C63DF75BCC2","","","8","200000","0","Tokyo","실제 사용자 선택값"
"FSRC_6DC9B4B7A50A","SRC_6DC9B4B7A50A","","","","200000","0","Tokyo","실제 사용자 선택값"
"FSRC_7C7670533F88","SRC_7C7670533F88","","","","","0","Tokyo","실제 사용자 선택값"
"FSRC_5469219573F0","SRC_5469219573F0","","","","","0","Tokyo","실제 사용자 선택값"
"FSRC_DA02D68AA168","SRC_DA02D68AA168","","","","","0","Tokyo","실제 사용자 선택값"
"FSRC_9A1C316E5BFB","SRC_9A1C316E5BFB","","","","","0","Tokyo","실제 사용자 선택값"
"FSRC_BD4A648EBC24","SRC_BD4A648EBC24","","","","","0","Tokyo","실제 사용자 선택값"
"FSRC_AEC8E8873151","SRC_AEC8E8873151","","","","","0","Tokyo","실제 사용자 선택값"
"FSRC_24377C512A73","SRC_24377C512A73","","","","","0","Tokyo","실제 사용자 선택값"
"FSRC_9EEE7DF5420E","SRC_9EEE7DF5420E","","","","","0","Tokyo","실제 사용자 선택값"
"FSRC_C712D495DE2D","SRC_C712D495DE2D","","","","","0","Tokyo","실제 사용자 선택값"
"FSRC_ADD016340945","SRC_ADD016340945","","","","","0","Tokyo","실제 사용자 선택값"
"FSRC_C7A30275DF60","SRC_C7A30275DF60","","","","","0","Tokyo","실제 사용자 선택값"
"FSRC_0B88C5CE54A5","SRC_0B88C5CE54A5","","","","","0","Tokyo","실제 사용자 선택값"
"FSRC_F30809605ED0","SRC_F30809605ED0","","","","","0","","실제 사용자 선택값"
"FSRC_408184CFFBD7","SRC_408184CFFBD7","","","","","0","","실제 사용자 선택값"
"FSRC_74A96794B8A2","SRC_74A96794B8A2","","","","","0","","실제 사용자 선택값"
"FSRC_75EBA055EF51","SRC_75EBA055EF51","","","","","0","","실제 사용자 선택값"
"FSRC_6CBBBE770346","SRC_6CBBBE770346","","","","","0","","실제 사용자 선택값"
"FSRC_4AB9E2855D2A","SRC_4AB9E2855D2A","","","","","0","","실제 사용자 선택값"
"FSRC_4FBAEEAE2DDD","SRC_4FBAEEAE2DDD","","","","","0","","실제 사용자 선택값"
"FSRC_181F3FD0E851","SRC_181F3FD0E851","","","","","0","","실제 사용자 선택값"
"FSRC_D0F3DF3FF037","SRC_D0F3DF3FF037","","","","","0","","실제 사용자 선택값"
"FSRC_0C3179FE497A","SRC_0C3179FE497A","","","","","0","","실제 사용자 선택값"
"FSRC_4901C5B40A37","SRC_4901C5B40A37","","","","","0","","실제 사용자 선택값"
"FSRC_575663F7FD98","SRC_575663F7FD98","","","","","0","","실제 사용자 선택값"
"FSRC_2AD6B1269B8B","SRC_2AD6B1269B8B","","","","","0","","실제 사용자 선택값"
"FSRC_58C1286FA354","SRC_58C1286FA354","","","","","0","","실제 사용자 선택값"
"FSRC_CBD5FC66C359","SRC_CBD5FC66C359","","","","","0","","실제 사용자 선택값"
"FSRC_06C089DD2B1E","SRC_06C089DD2B1E","","","","","0","","실제 사용자 선택값"
"FSRC_F174BBA7F6F6","SRC_F174BBA7F6F6","","","","","0","","실제 사용자 선택값"
"FSRC_C083849C6848","SRC_C083849C6848","","","","","0","","실제 사용자 선택값"
"FSRC_150867B92384","SRC_150867B92384","","","","","0","","실제 사용자 선택값"
"FSRC_9D225431620E","SRC_9D225431620E","","","","","0","","실제 사용자 선택값"
"FSRC_36EE300D7C0B","SRC_36EE300D7C0B","","","","","0","","실제 사용자 선택값"
"FSRC_63816777687F","SRC_63816777687F","","","","","0","","실제 사용자 선택값"
"FSRC_B563D3FACD7F","SRC_B563D3FACD7F","","","","","0","","실제 사용자 선택값"
"FSRC_A3F50AB6506E","SRC_A3F50AB6506E","","","","","0","","실제 사용자 선택값"
"FSRC_32F2AEF4EFAF","SRC_32F2AEF4EFAF","","","","","0","","실제 사용자 선택값"
"FSRC_9D23AA9083D3","SRC_9D23AA9083D3","","","","","0","","실제 사용자 선택값"
"FSRC_C47718F158F5","SRC_C47718F158F5","","","","","0","","실제 사용자 선택값"
"FSRC_BD362049E21A","SRC_BD362049E21A","","","","","0","","실제 사용자 선택값"
"FSRC_B77C84CD2DB3","SRC_B77C84CD2DB3","","","","","0","","실제 사용자 선택값"
"FSRC_43C0BA817DD0","SRC_43C0BA817DD0","","","","","0","","실제 사용자 선택값"
"FSRC_EBA3A08AD85C","SRC_EBA3A08AD85C","","","","","0","","실제 사용자 선택값"
"FSRC_64C82E9C1F34","SRC_64C82E9C1F34","","","","","0","","실제 사용자 선택값"
"FSRC_BF705076012A","SRC_BF705076012A","","","","","0","","실제 사용자 선택값"
"FSRC_492024ED6EBE","SRC_492024ED6EBE","","","","","0","","실제 사용자 선택값"
"FSRC_6FA0113868E3","SRC_6FA0113868E3","","","","","0","","실제 사용자 선택값"
"FSRC_7F18764B18D6","SRC_7F18764B18D6","","","","","0","","실제 사용자 선택값"
"FSRC_F1ADFCAD3B64","SRC_F1ADFCAD3B64","","","","","0","","실제 사용자 선택값"
"FSRC_38D42761A332","SRC_38D42761A332","","","","","0","","실제 사용자 선택값"
"FSRC_973A6808BEF2","SRC_973A6808BEF2","","","","","0","Tokyo","실제 사용자 선택값"
"FSRC_AF8D27F6A678","SRC_AF8D27F6A678","","","","","0","","실제 사용자 선택값"
"FSRC_0F9785027CCC","SRC_0F9785027CCC","","","","","0","","실제 사용자 선택값"
"FSRC_F3DB0C4C4E52","SRC_F3DB0C4C4E52","","","","","0","","실제 사용자 선택값"
"FSRC_8894013ABF2C","SRC_8894013ABF2C","","","","","0","","실제 사용자 선택값"
"FSRC_661E4A2171D3","SRC_661E4A2171D3","","","","","0","","실제 사용자 선택값"
"FSRC_D7C61A061106","SRC_D7C61A061106","","","","","0","","실제 사용자 선택값"
"FSRC_5AADCAD31A36","SRC_5AADCAD31A36","","","","","0","","실제 사용자 선택값"
"FSRC_9DAAEF441D01","SRC_9DAAEF441D01","","","","","0","","실제 사용자 선택값"
"FSRC_6116E6E7C994","SRC_6116E6E7C994","","","","","0","","실제 사용자 선택값"
"FSRC_0949DD76F5CD","SRC_0949DD76F5CD","","","","","0","","실제 사용자 선택값"
"FSRC_C2F6337DD4E7","SRC_C2F6337DD4E7","","","","","0","","실제 사용자 선택값"
"FSRC_5DDBC575844F","SRC_5DDBC575844F","","","","","0","","실제 사용자 선택값"
"FSRC_D635BFC6D727","SRC_D635BFC6D727","","","","","0","","실제 사용자 선택값"
"FSRC_10A83E4BBA1D","SRC_10A83E4BBA1D","","","","","0","","실제 사용자 선택값"
"FSRC_B1AD903CC447","SRC_B1AD903CC447","","","","","0","","실제 사용자 선택값"
"FSRC_10EEA66BD76A","SRC_10EEA66BD76A","","","","","0","","실제 사용자 선택값"
"FSRC_A7F2301B3DE8","SRC_A7F2301B3DE8","","","","","0","","실제 사용자 선택값"
"FSRC_E6B10E6F429D","SRC_E6B10E6F429D","","","","","0","","실제 사용자 선택값"
"FSRC_03189286A709","SRC_03189286A709","","","","","0","","실제 사용자 선택값"
"FSRC_E32171C35301","SRC_E32171C35301","","","","","0","","실제 사용자 선택값"
"FSRC_49A22F44A9F6","SRC_49A22F44A9F6","","","","","0","","실제 사용자 선택값"
"FSRC_F148A1091FE7","SRC_F148A1091FE7","","","","","0","","실제 사용자 선택값"
"FSRC_9BB08B2135EC","SRC_9BB08B2135EC","","","","","0","","실제 사용자 선택값"
"FSRC_5646006025EC","SRC_5646006025EC","","","","","0","","실제 사용자 선택값"
"FSRC_7F4C2CA9A1DD","SRC_7F4C2CA9A1DD","","","","","0","","실제 사용자 선택값"
"FSRC_E51451F091F4","SRC_E51451F091F4","","","","","0","","실제 사용자 선택값"
"FSRC_FCC2055EA632","SRC_FCC2055EA632","","","","","0","","실제 사용자 선택값"
"FSRC_F4674434E89E","SRC_F4674434E89E","","","","","0","","실제 사용자 선택값"
"FSRC_A51F71415A7D","SRC_A51F71415A7D","","","","","0","","실제 사용자 선택값"
"FSRC_40831FE82F7D","SRC_40831FE82F7D","","","","","0","","실제 사용자 선택값"
"FSRC_3CA0F82176E0","SRC_3CA0F82176E0","","","","","0","","실제 사용자 선택값"
"FSRC_640A894BCC02","SRC_640A894BCC02","","","","","0","","실제 사용자 선택값"
"FSRC_825D522DA34B","SRC_825D522DA34B","","","","","0","","실제 사용자 선택값"
"FSRC_9A9863149CFC","SRC_9A9863149CFC","","","","","0","","실제 사용자 선택값"
"FSRC_C2B6E44CF6E2","SRC_C2B6E44CF6E2","","","","","0","","실제 사용자 선택값"
"FSRC_F02D6E927DC5","SRC_F02D6E927DC5","","","","","0","","실제 사용자 선택값"
"FSRC_48417C3C8D58","SRC_48417C3C8D58","","","","","0","","실제 사용자 선택값"
"FSRC_3F4DF5FCED3F","SRC_3F4DF5FCED3F","","","","","0","","실제 사용자 선택값"
"FSRC_CB2125AFE735","SRC_CB2125AFE735","","","","","0","","실제 사용자 선택값"
"FSRC_3A4F0EC4E7C8","SRC_3A4F0EC4E7C8","","","","200000","1","Sapporo","실제 사용자 선택값"
"FSRC_510ECF18CA16","SRC_510ECF18CA16","","","","","0","","실제 사용자 선택값"
"FSRC_18CACD441428","SRC_18CACD441428","","","","","1","Sapporo","실제 사용자 선택값"
"FSRC_A6DD393D6DB6","SRC_A6DD393D6DB6","","","","","0","Sapporo","실제 사용자 선택값"
"FSRC_680F98A6BCDD","SRC_680F98A6BCDD","","","","","0","","실제 사용자 선택값"
"FSRC_305A106C4585","SRC_305A106C4585","","","","","0","Sapporo","실제 사용자 선택값"
"FSRC_90DFB39C9BAE","SRC_90DFB39C9BAE","","","","","1","","실제 사용자 선택값"
"FSRC_CB594DD7860D","SRC_CB594DD7860D","","","","","0","","실제 사용자 선택값"
"FSRC_895B498D0BD5","SRC_895B498D0BD5","","","","150000","3","","실제 사용자 선택값"
"FSRC_0D4C42FD3A33","SRC_0D4C42FD3A33","","","","","3","","실제 사용자 선택값"
"FSRC_5835925BCC9D","SRC_5835925BCC9D","","","","","2","","실제 사용자 선택값"
"FSRC_47F14EE32A38","SRC_47F14EE32A38","","","","","1","","실제 사용자 선택값"
"FSRC_D14B9D24AE01","SRC_D14B9D24AE01","","","","","0","","실제 사용자 선택값"
"FSRC_5430F00E3874","SRC_5430F00E3874","","","","28","0","","실제 사용자 선택값"
"FSRC_D9B799F27336","SRC_D9B799F27336","","","","","0","","실제 사용자 선택값"
"FSRC_9A3C04B3ACAF","SRC_9A3C04B3ACAF","","","","","0","","실제 사용자 선택값"
"FSRC_C30E0AFED2FA","SRC_C30E0AFED2FA","","","","","0","","실제 사용자 선택값"
"FSRC_3DCC6B14AAFA","SRC_3DCC6B14AAFA","","","","","0","","실제 사용자 선택값"
"FSRC_BDE79A5EF557","SRC_BDE79A5EF557","","","","","0","","실제 사용자 선택값"
"FSRC_F3167E157A55","SRC_F3167E157A55","","","","","0","","실제 사용자 선택값"
"FSRC_AB230EFA61B6","SRC_AB230EFA61B6","","","","","0","","실제 사용자 선택값"
"FSRC_2BAEF0EC9AD1","SRC_2BAEF0EC9AD1","","","","","0","","실제 사용자 선택값"
"FSRC_DA1711CC2DCE","SRC_DA1711CC2DCE","","","","","0","","실제 사용자 선택값"
"FSRC_1218C6BACFEB","SRC_1218C6BACFEB","","","","","0","","실제 사용자 선택값"
"FSRC_B79780A9D3A7","SRC_B79780A9D3A7","","","","16","0","","실제 사용자 선택값"
"FSRC_7A9B5B5F70A3","SRC_7A9B5B5F70A3","","","","19","0","","실제 사용자 선택값"
"FSRC_5A0033C9C27F","SRC_5A0033C9C27F","","","","17","0","","실제 사용자 선택값"
"FSRC_D28B3EBD633E","SRC_D28B3EBD633E","","","","13","0","","실제 사용자 선택값"
"FSRC_BFBF1E460769","SRC_BFBF1E460769","","","","24","0","","실제 사용자 선택값"
"FSRC_AC9082BBEECE","SRC_AC9082BBEECE","","","","25","0","","실제 사용자 선택값"
"FSRC_C505D6A1DB47","SRC_C505D6A1DB47","","","","23","0","","실제 사용자 선택값"
"FSRC_0CC3E6AABF75","SRC_0CC3E6AABF75","","","","22","0","","실제 사용자 선택값"
"FSRC_D3FDB1E457CD","SRC_D3FDB1E457CD","","","","20","0","","실제 사용자 선택값"
"FSRC_6BFAD153353B","SRC_6BFAD153353B","","","","21","0","","실제 사용자 선택값"
"FSRC_3DEB7F1F3D65","SRC_3DEB7F1F3D65","","","","26","0","","실제 사용자 선택값"
"FSRC_2F1395E7F1BE","SRC_2F1395E7F1BE","","","","27","0","","실제 사용자 선택값"
"FSRC_7952C91B5918","SRC_7952C91B5918","","","","28","0","","실제 사용자 선택값"
"FSRC_3F6C143C0946","SRC_3F6C143C0946","","","","7","0","","실제 사용자 선택값"
"FSRC_8504EFED8F57","SRC_8504EFED8F57","","","","11","0","","실제 사용자 선택값"
"FSRC_72ED8DB8C9BC","SRC_72ED8DB8C9BC","","","","18","0","","실제 사용자 선택값"
"FSRC_149B7B4AEE99","SRC_149B7B4AEE99","","","","9","0","","실제 사용자 선택값"
"FSRC_26DDB8410B43","SRC_26DDB8410B43","","","","14","0","","실제 사용자 선택값"
"FSRC_FDA06AC95121","SRC_FDA06AC95121","","","","8","0","","실제 사용자 선택값"
"FSRC_06824459304C","SRC_06824459304C","","","","10","0","","실제 사용자 선택값"
"FSRC_FC179A533ACE","SRC_FC179A533ACE","","","","15","0","","실제 사용자 선택값"
"FSRC_7066F37A9713","SRC_7066F37A9713","","","","12","0","","실제 사용자 선택값"
"FSRC_E9ECADA0E961","SRC_E9ECADA0E961","","","","6","0","","실제 사용자 선택값"
"FSRC_ABB41FD34645","SRC_ABB41FD34645","","","","5","0","","실제 사용자 선택값"
"FSRC_D8E55A9836FF","SRC_D8E55A9836FF","","","","4","0","","실제 사용자 선택값"
"FSRC_1CA42E1F6D3B","SRC_1CA42E1F6D3B","","","","3","0","","실제 사용자 선택값"
"FSRC_BDEC602F924A","SRC_BDEC602F924A","","","","1","0","","실제 사용자 선택값"
"FSRC_5290C72DD231","SRC_5290C72DD231","","","","2","0","","실제 사용자 선택값"
"FSRC_4C5E6003DCE7","SRC_4C5E6003DCE7","Hostel","","8","300000","0","Tokyo","실제 사용자 선택값"
"FSRC_F68D9B893ADC","SRC_F68D9B893ADC","Hostel","","8","30","0","Tokyo","실제 사용자 선택값"
"FSRC_BE59A2BEA910","SRC_BE59A2BEA910","Hostel","","8","300","0","Tokyo","실제 사용자 선택값"
"FSRC_BFBF3524C4A9","SRC_BFBF3524C4A9","Hostel","","8","3000","0","Tokyo","실제 사용자 선택값"
"FSRC_225C82848AD5","SRC_225C82848AD5","Hostel","","8","30000","0","Tokyo","실제 사용자 선택값"
"FSRC_E07DEFEB3A89","SRC_E07DEFEB3A89","Hostel","","8","3","0","Tokyo","실제 사용자 선택값"
"FSRC_4AA2115C884B","SRC_4AA2115C884B","Hostel","","8","150000","0","Tokyo","실제 사용자 선택값"
"FSRC_645737BBE1FE","SRC_645737BBE1FE","Hostel","","8","150000","0","Tokyo","실제 사용자 선택값"
"FSRC_9B01C8A3AD10","SRC_9B01C8A3AD10","Hostel","","8","150000","1","Tokyo","실제 사용자 선택값"
"FSRC_19A0B438C035","SRC_19A0B438C035","","","","","0","","실제 사용자 선택값"
"FSRC_FCAC432A204A","SRC_FCAC432A204A","","","8","150000","1","Tokyo","실제 사용자 선택값"
"FSRC_2F907271B4A9","SRC_2F907271B4A9","","","8","150000","1","Tokyo","실제 사용자 선택값"
"FSRC_B55E5A27BEF9","SRC_B55E5A27BEF9","","","8","150000","1","Tokyo","실제 사용자 선택값"
"FSRC_4E74E486DF4A","SRC_4E74E486DF4A","","","8","150000","1","Tokyo","실제 사용자 선택값"
"FSRC_03C9EE05D6DB","SRC_03C9EE05D6DB","","","8","150000","1","Tokyo","실제 사용자 선택값"
"FSRC_84EC9B1252D8","SRC_84EC9B1252D8","","","8","150000","1","Tokyo","실제 사용자 선택값"
"FSRC_B1274E277A6A","SRC_B1274E277A6A","","","8","150000","1","Tokyo","실제 사용자 선택값"
"FSRC_59EB1AA56E4B","SRC_59EB1AA56E4B","","","8","150000","1","Tokyo","실제 사용자 선택값"
"FSRC_DCF16EDE2750","SRC_DCF16EDE2750","","","8","150000","1","Tokyo","실제 사용자 선택값"
"FSRC_4FAB5D102088","SRC_4FAB5D102088","","","8","150000","1","Tokyo","실제 사용자 선택값"
"FSRC_6031EA73A1D9","SRC_6031EA73A1D9","","","8","150000","1","Tokyo","실제 사용자 선택값"
"FSRC_4DB3CACD2555","SRC_4DB3CACD2555","","","8","150000","1","Tokyo","실제 사용자 선택값"
"FSRC_BB2A2827299A","SRC_BB2A2827299A","","","8","150000","1","Tokyo","실제 사용자 선택값"
"FSRC_B498EA794937","SRC_B498EA794937","","","8","15000","0","Tokyo","실제 사용자 선택값"
"FSRC_D0050C37A690","SRC_D0050C37A690","","","8","150000","0","Tokyo","실제 사용자 선택값"
"FSRC_CEE51A35E560","SRC_CEE51A35E560","","","8","1","0","Tokyo","실제 사용자 선택값"
"FSRC_1171BF54B0F0","SRC_1171BF54B0F0","","","8","15","0","Tokyo","실제 사용자 선택값"
"FSRC_8BAC4352212F","SRC_8BAC4352212F","","","8","150","0","Tokyo","실제 사용자 선택값"
"FSRC_82593EA9F1FF","SRC_82593EA9F1FF","","","8","1500","0","Tokyo","실제 사용자 선택값"
"FSRC_CF16116A8F35","SRC_CF16116A8F35","","","8","","0","Tokyo","실제 사용자 선택값"
"FSRC_7AED06136750","SRC_7AED06136750","","","","","0","Tokyo","실제 사용자 선택값"
"FSRC_A2E666E10BCF","SRC_A2E666E10BCF","","","","","0","Tokyo","실제 사용자 선택값"
"FSRC_15B034A13A06","SRC_15B034A13A06","","","","","0","Tokyo","실제 사용자 선택값"
"FSRC_3CF1D9D579B3","SRC_3CF1D9D579B3","","","","","0","Tokyo","실제 사용자 선택값"
"FSRC_F98852CA35C5","SRC_F98852CA35C5","","","","","0","Tokyo","실제 사용자 선택값"
"FSRC_0972A45B9278","SRC_0972A45B9278","","","","","0","Tokyo","실제 사용자 선택값"
"FSRC_6B8FB7219048","SRC_6B8FB7219048","","","","","0","Tokyo","실제 사용자 선택값"
"FSRC_627A249ED5B8","SRC_627A249ED5B8","","","","","0","Tokyo","실제 사용자 선택값"
"FSRC_58E591C5E183","SRC_58E591C5E183","","","","","1","Tokyo","실제 사용자 선택값"
"FSRC_F04BC58A216B","SRC_F04BC58A216B","","","","","1","Tokyo","실제 사용자 선택값"
"FSRC_4F4142B9467B","SRC_4F4142B9467B","","","","","0","","실제 사용자 선택값"
"FSRC_DABFC7C5B7A4","SRC_DABFC7C5B7A4","","","","","0","Tokyo","실제 사용자 선택값"
"FSRC_0EA3B7803DC7","SRC_0EA3B7803DC7","","","","","0","Tokyo","실제 사용자 선택값"
"FSRC_F7ADC477C517","SRC_F7ADC477C517","","","","","0","Tokyo","실제 사용자 선택값"
"FSRC_BBE7D10D6F39","SRC_BBE7D10D6F39","","","","","0","Tokyo","실제 사용자 선택값"
"FSRC_4D29C8DFB546","SRC_4D29C8DFB546","Hotel","","","","1","Tokyo","실제 사용자 선택값"
"FSRC_82A6C4B8F6AD","SRC_82A6C4B8F6AD","Ryokan","","8","400000","0","Sapporo","실제 사용자 선택값"
"FSRC_3FEFC25AC972","SRC_3FEFC25AC972","","","8","300000","2","Tokyo","실제 사용자 선택값"
"FSRC_08831DF2EBE6","SRC_08831DF2EBE6","Hostel","","8","200000","0","Sapporo","실제 사용자 선택값"
"FSRC_E9BE7262FB52","SRC_E9BE7262FB52","Hostel","","8","200000","1","Sapporo","실제 사용자 선택값"
"FSRC_C40D30F65031","SRC_C40D30F65031","Hostel","","8","200000","2","Sapporo","실제 사용자 선택값"
"FSRC_C1A79A2714ED","SRC_C1A79A2714ED","Hotel","","7","200000","4","Fukuoka","실제 사용자 선택값"
"FSRC_77A8D5EB7206","SRC_77A8D5EB7206","Hotel","","7","200000","3","Fukuoka","실제 사용자 선택값"
"FSRC_5F8D1E665CFE","SRC_5F8D1E665CFE","Hotel","","7","200000","2","Fukuoka","실제 사용자 선택값"
"FSRC_1DA654B136D0","SRC_1DA654B136D0","Hotel","","7","123","4","Tokyo","실제 사용자 선택값"
"FSRC_B663684D7FD6","SRC_B663684D7FD6","Hotel","","7","","2","Tokyo","실제 사용자 선택값"
"FSRC_BB7E1E20E01A","SRC_BB7E1E20E01A","Hotel","","7","123","1","Tokyo","실제 사용자 선택값"
"FSRC_175D845CF3AC","SRC_175D845CF3AC","Hotel","","7","","1","Tokyo","실제 사용자 선택값"
"FSRC_4E88CC367AB2","SRC_4E88CC367AB2","Hotel","","7","","2","Tokyo","실제 사용자 선택값"
"FSRC_7DEAFEB79437","SRC_7DEAFEB79437","Hotel","","7","","3","Tokyo","실제 사용자 선택값"
"FSRC_4488AC529F07","SRC_4488AC529F07","","","","","0","Sapporo","실제 사용자 선택값"
"FSRC_7651E51220D4","SRC_7651E51220D4","","","","","0","Fukuoka","실제 사용자 선택값"
"FSRC_0F2E6F05283E","SRC_0F2E6F05283E","","","","","0","Kyoto","실제 사용자 선택값"
"FSRC_8492C98AC4F4","SRC_8492C98AC4F4","","","","","0","Osaka","실제 사용자 선택값"
"FSRC_7A3C366DFA54","SRC_7A3C366DFA54","","","","","0","Tokyo","실제 사용자 선택값"
"FSRC_5FACD1CBB4BC","SRC_5FACD1CBB4BC","","","","","0","Tokyo","실제 사용자 선택값"
"FSRC_F86758A4F1A4","SRC_F86758A4F1A4","","","","","1","Tokyo","실제 사용자 선택값"
"FSRC_A4FA11F9B823","SRC_A4FA11F9B823","","","","","1","Tokyo","실제 사용자 선택값"
"FSRC_8D2C8EEA5587","SRC_8D2C8EEA5587","","","","","1","서울","실제 사용자 선택값"
"FSRC_748ECAC2D903","SRC_748ECAC2D903","Hotel","","8","","4","Tokyo","실제 사용자 선택값"
"FSRC_F239FA1799DC","SRC_F239FA1799DC","Hotel","5","8","","0","Tokyo","실제 사용자 선택값"
"FSRC_A3467112F921","SRC_A3467112F921","Hotel","5","8","","3","Tokyo","실제 사용자 선택값"