"search_id","session_id","search_time","query_text","checkin_date","checkout_date","total_result_count","sort_option","guest_count","destination","data_origin"
"Q1pfyOcPu8","Sb8HrR5rXR","2026-08-31 19:43:27 KST","","2026-10-03","2026-10-05","30","rating","2","Tokyo","실제 사용자 입력·검색 로그"
"QuiL0Coq14","Sb8HrR5rXR","2026-08-31 19:43:19 KST","","2026-10-03","2026-10-05","35","rating","2","Tokyo","실제 사용자 입력·검색 로그"
"QeRkwNN3Mk","Sb8HrR5rXR","2026-08-31 19:43:12 KST","","2026-10-03","2026-10-05","200","rating","2","Tokyo","실제 사용자 입력·검색 로그"
"Q333t6naRT","Sb8HrR5rXR","2026-08-31 19:41:27 KST","","2026-10-03","2026-09-17","18","rating","2","Tokyo","실제 사용자 입력·검색 로그"
"QdPLnzMcro","Sb8HrR5rXR","2026-08-31 19:41:14 KST","","2026-10-03","2026-09-17","200","rating","2","Tokyo","실제 사용자 입력·검색 로그"
"Q0CqLhuf7C","Sb8HrR5rXR","2026-08-31 19:41:02 KST","","2026-10-03","2026-09-17","200","rating","2","Tokyo","실제 사용자 입력·검색 로그"
"QDX2vny39Z","Sb8HrR5rXR","2026-08-31 19:40:57 KST","도쿄","2026-10-03","2026-09-17","5","reviews","2","Tokyo","실제 사용자 입력·검색 로그"
"QN1X76RVBO","Sb8HrR5rXR","2026-08-31 19:40:49 KST","도쿄","2026-10-03","2026-09-17","0","reviews","2","Tokyo","실제 사용자 입력·검색 로그"
"QX121uaX47","Sb8HrR5rXR","2026-08-31 19:40:44 KST","도쿄","2026-10-03","2026-09-17","0","reviews","2","Tokyo","실제 사용자 입력·검색 로그"
"QZ0FLsEEjB","Sb8HrR5rXR","2026-08-31 19:40:36 KST","도쿄","2026-10-03","2026-09-17","0","reviews","2","Tokyo · 아사쿠사","실제 사용자 입력·검색 로그"
"QYMZRtxiN1","Sb8HrR5rXR","2026-08-31 19:40:31 KST","도쿄","2026-10-03","2026-09-17","0","reviews","2","Tokyo · 아사쿠사","실제 사용자 입력·검색 로그"
"Q3Hfff0KOt","Sb8HrR5rXR","2026-08-31 19:40:12 KST","도쿄","2026-10-03","2026-09-17","0","reviews","2","Tokyo · 아사쿠사","실제 사용자 입력·검색 로그"
"QefYYCEICl","Sb8HrR5rXR","2026-08-31 19:39:57 KST","도쿄","2026-09-15","2026-09-17","0","reviews","2","Tokyo · 아사쿠사","실제 사용자 입력·검색 로그"
"QXGIMCtkhO","Sb8HrR5rXR","2026-08-31 19:39:50 KST","도쿄","2026-09-15","2026-09-17","0","reviews","2","Tokyo · 아사쿠사","실제 사용자 입력·검색 로그"
"Qiwm8UtB3w","Sb8HrR5rXR","2026-08-31 19:39:44 KST","도쿄","2026-09-15","2026-09-17","0","reviews","2","Tokyo · 아사쿠사","실제 사용자 입력·검색 로그"
"QAQw9jvcsH","Sb8HrR5rXR","2026-08-31 19:39:33 KST","도쿄","2026-09-15","2026-09-17","0","reviews","2","Tokyo · 아사쿠사","실제 사용자 입력·검색 로그"
"Qj5hOg14KD","Sb8HrR5rXR","2026-08-31 19:38:28 KST","","2026-09-15","2026-09-17","1000","rating","2","","실제 사용자 입력·검색 로그"
"QG3wnGoEio","SgAP23vVo4","2026-08-31 17:00:27 KST","","2026-09-15","2026-09-17","20","rating","2","Tokyo · 신주쿠","실제 사용자 입력·검색 로그"
"QyjT2lTKiZ","SgAP23vVo4","2026-08-31 17:00:12 KST","신주쿠 ","2026-09-15","2026-09-17","10","rating","2","","실제 사용자 입력·검색 로그"
"QwpBL0B7xv","SKBbfdVhKm","2026-08-31 17:00:10 KST","도쿄","2026-09-10","2026-09-13","3","rating","1","Tokyo · 시부야","실제 사용자 입력·검색 로그"
"Q6XsVH2R7b","SKBbfdVhKm","2026-08-31 17:00:04 KST","도쿄","2026-09-10","2026-09-13","0","rating","1","Tokyo · 시부야","실제 사용자 입력·검색 로그"
"Q5Dnb16eDZ","Sm4PrN7cyf","2026-08-31 16:59:57 KST","","2026-09-15","2026-09-17","1000","rating","2","","실제 사용자 입력·검색 로그"
"Q1DYroXNJw","SKBbfdVhKm","2026-08-31 16:59:53 KST","도쿄","2026-09-10","2026-09-13","20","rating","1","Tokyo · 시부야","실제 사용자 입력·검색 로그"
"QquEimEOU8","SnFKQiJIuv","2026-08-31 11:46:42 KST","도쿄","2026-09-15","2026-09-17","201","rating","2","","실제 사용자 입력·검색 로그"
"QGrCdiIQAv","SS5aKl3Qjq","2026-08-31 10:30:20 KST","","2026-12-17","2026-12-21","200","rating","2","Sapporo","실제 사용자 입력·검색 로그"
"Qt5N1QrO1F","SS5aKl3Qjq","2026-08-31 10:28:55 KST","","2026-09-15","2026-09-17","20","rating","2","Tokyo · 시부야","실제 사용자 입력·검색 로그"
"QwSVJLo6n3","SS5aKl3Qjq","2026-08-31 10:27:50 KST","도쿄","2026-09-15","2026-09-17","201","rating","2","","실제 사용자 입력·검색 로그"
"Qx444Zmlxf","S6XYxxvSwO","2026-08-31 10:14:53 KST","","2026-10-16","2026-10-18","116","rating","2","Osaka","실제 사용자 입력·검색 로그"
"QoFm0DeKO2","S6XYxxvSwO","2026-08-31 10:14:41 KST","오사카역","2026-10-16","2026-10-18","0","reviews","2","Osaka · 우메다","실제 사용자 입력·검색 로그"
"QpbPzLGpbQ","S6XYxxvSwO","2026-08-31 10:14:28 KST","우메다역, 우메다, 오사카역","2026-10-16","2026-10-18","0","reviews","2","Osaka · 우메다","실제 사용자 입력·검색 로그"
"QKV74qmXN4","S6XYxxvSwO","2026-08-31 10:14:23 KST","우메다역, 우메다, 오사카역","2026-10-16","2026-10-18","0","reviews","2","Osaka · 우메다","실제 사용자 입력·검색 로그"
"QuWhrCRuRZ","S6XYxxvSwO","2026-08-31 10:13:42 KST","우메다역, 우메다, 오사카역","2026-10-16","2026-10-18","0","rating","2","Osaka · 우메다","실제 사용자 입력·검색 로그"
"Q18KTaGj8e","S4mkEfF6zW","2026-08-31 09:55:25 KST","오사카","2026-09-15","2026-09-17","42","rating","2","","실제 사용자 입력·검색 로그"
"Q9NAGk8lOS","S4mkEfF6zW","2026-08-31 09:54:59 KST","오사카","2026-09-15","2026-09-17","200","rating","2","","실제 사용자 입력·검색 로그"
"QcvPBwoECR","Sjlhv5qbkW","2026-08-30 23:58:26 KST","오사카","2026-09-15","2026-09-17","2","reviews","2","","실제 사용자 입력·검색 로그"
"QHiWt5hbZX","Sjlhv5qbkW","2026-08-30 23:58:26 KST","오사카","2026-09-15","2026-09-17","2","reviews","2","","실제 사용자 입력·검색 로그"
"QcBd8Dn3Iq","Sjlhv5qbkW","2026-08-30 23:58:22 KST","뉴욕","2026-09-15","2026-09-17","0","reviews","2","","실제 사용자 입력·검색 로그"
"QZAYOIWt5J","Sjlhv5qbkW","2026-08-30 23:57:24 KST","뉴욕","2026-09-15","2026-09-17","0","rating","2","","실제 사용자 입력·검색 로그"
"QqIN8jULWE","Sjlhv5qbkW","2026-08-30 23:57:24 KST","뉴욕","2026-09-15","2026-09-17","0","rating","2","","실제 사용자 입력·검색 로그"
"QSCxutafBO","SWhGA47bqi","2026-08-30 19:36:06 KST","","2026-09-15","2026-09-17","0","reviews","2","Tokyo · 긴자·도쿄역","실제 사용자 입력·검색 로그"
"Qkr9D9yZ1F","SWhGA47bqi","2026-08-30 19:36:01 KST","","2026-09-15","2026-09-17","0","reviews","2","Tokyo · 긴자·도쿄역","실제 사용자 입력·검색 로그"
"QvMl8p2z9A","SWhGA47bqi","2026-08-30 19:35:56 KST","","2026-09-15","2026-09-17","0","reviews","2","Tokyo · 긴자·도쿄역","실제 사용자 입력·검색 로그"
"QQy7zgkxJY","SWhGA47bqi","2026-08-30 19:35:49 KST","","2026-09-15","2026-09-17","0","reviews","2","Tokyo · 긴자·도쿄역","실제 사용자 입력·검색 로그"
"QgA14vqfSP","SWhGA47bqi","2026-08-30 19:35:28 KST","","2026-09-15","2026-09-17","0","reviews","2","Tokyo · 긴자·도쿄역","실제 사용자 입력·검색 로그"
"QrJ738MBMH","SWhGA47bqi","2026-08-30 19:35:18 KST","","2026-09-15","2026-09-17","0","reviews","2","Tokyo · 긴자·도쿄역","실제 사용자 입력·검색 로그"
"Qe3uY6H1Ix","SWhGA47bqi","2026-08-30 19:34:10 KST","","2026-09-15","2026-09-17","20","rating","2","Tokyo · 긴자·도쿄역","실제 사용자 입력·검색 로그"
"QOL6MOrUPe","SVxCzLOlfQ","2026-08-30 16:00:00 KST","도쿄","2026-09-19","2026-09-20","2","rating","2","Tokyo · 시부야","실제 사용자 입력·검색 로그"
"Q3lldU1XCw","SVxCzLOlfQ","2026-08-30 15:59:53 KST","도쿄","2026-09-19","2026-09-20","2","rating","2","Tokyo · 시부야","실제 사용자 입력·검색 로그"
"QIO26lhj6N","SVxCzLOlfQ","2026-08-30 15:59:34 KST","도쿄","2026-09-19","2026-09-20","0","rating","2","Tokyo · 시부야","실제 사용자 입력·검색 로그"
"QCpqajkxl2","SVxCzLOlfQ","2026-08-30 15:59:22 KST","도쿄","2026-09-19","2026-09-20","0","rating","2","Tokyo · 시부야","실제 사용자 입력·검색 로그"
"QD8mraWVi4","SVxCzLOlfQ","2026-08-30 15:57:56 KST","도쿄","2026-09-19","2026-09-20","20","rating","2","Tokyo · 시부야","실제 사용자 입력·검색 로그"
"QwcHLdY10x","S3kO8XxiWO","2026-08-30 08:29:17 KST","","2026-10-23","2026-10-25","5","rating","2","Tokyo","실제 사용자 입력·검색 로그"
"Qwa7ToFcYm","S3kO8XxiWO","2026-08-30 08:28:49 KST","","2026-10-23","2026-10-25","200","rating","2","Tokyo","실제 사용자 입력·검색 로그"
"Q8AHm6zzeG","S3kO8XxiWO","2026-08-30 08:28:29 KST","","2026-09-24","2026-09-27","200","rating","2","Tokyo","실제 사용자 입력·검색 로그"
"Q6k4EdqUNa","S3kO8XxiWO","2026-08-30 08:28:23 KST","아사쿠사","2026-09-24","2026-09-27","0","rating","2","Tokyo · 아사쿠사","실제 사용자 입력·검색 로그"
"QOVqoD2Qm8","S3kO8XxiWO","2026-08-30 08:28:19 KST","아사쿠사","2026-09-24","2026-09-27","0","rating","2","Tokyo · 아사쿠사","실제 사용자 입력·검색 로그"
"Q7C7RIN0So","S3kO8XxiWO","2026-08-30 08:28:14 KST","아사쿠사","2026-09-24","2026-09-27","0","rating","2","Tokyo · 아사쿠사","실제 사용자 입력·검색 로그"
"QDKDmc94SM","S3kO8XxiWO","2026-08-30 08:28:08 KST","아사쿠사","2026-09-24","2026-09-27","0","rating","2","Tokyo · 아사쿠사","실제 사용자 입력·검색 로그"
"QcNyMIRiV2","S3kO8XxiWO","2026-08-30 08:28:04 KST","아사쿠사","2026-09-24","2026-09-27","0","rating","2","Tokyo · 아사쿠사","실제 사용자 입력·검색 로그"
"QSRcIYy6Fm","S3kO8XxiWO","2026-08-30 08:27:44 KST","아사쿠사","2026-09-24","2026-09-27","0","rating","2","Tokyo · 아사쿠사","실제 사용자 입력·검색 로그"
"QVXDvxv83S","S3kO8XxiWO","2026-08-30 08:27:41 KST","아사쿠사","2026-09-24","2026-09-27","0","rating","2","Tokyo · 아사쿠사","실제 사용자 입력·검색 로그"
"QvZ57g7PO8","S3kO8XxiWO","2026-08-30 08:27:27 KST","아사쿠사","2026-09-24","2026-09-27","0","rating","2","Tokyo · 아사쿠사","실제 사용자 입력·검색 로그"
"Q1hGCBSS5A","S3kO8XxiWO","2026-08-30 08:27:17 KST","아사쿠사","2026-09-24","2026-09-27","0","rating","2","Tokyo · 아사쿠사","실제 사용자 입력·검색 로그"
"Q9F9rBREM8","S3kO8XxiWO","2026-08-30 08:27:07 KST","아사쿠사","2026-09-24","2026-09-27","0","rating","2","Tokyo · 아사쿠사","실제 사용자 입력·검색 로그"
"QfRK4ebqHF","S3kO8XxiWO","2026-08-30 08:26:12 KST","아사쿠사","2026-09-24","2026-09-27","3","rating","2","Tokyo · 아사쿠사","실제 사용자 입력·검색 로그"
"QJaBJG5wb3","S91bzuR10O","2026-08-30 04:26:23 KST","후쿠오카","2026-09-15","2026-09-17","1","reviews","2","Fukuoka · 후쿠오카공항","실제 사용자 입력·검색 로그"
"QJnkm4HV1r","S91bzuR10O","2026-08-30 04:26:15 KST","후쿠오카","2026-09-15","2026-09-17","0","reviews","2","Fukuoka · 후쿠오카공항","실제 사용자 입력·검색 로그"
"Q7MNnGAQ4M","S91bzuR10O","2026-08-30 04:26:08 KST","후쿠오카","2026-09-15","2026-09-17","0","reviews","2","Fukuoka · 후쿠오카공항","실제 사용자 입력·검색 로그"
"QHA91KkPlz","S91bzuR10O","2026-08-30 04:25:59 KST","후쿠오카","2026-09-15","2026-09-17","0","reviews","2","Fukuoka · 후쿠오카공항","실제 사용자 입력·검색 로그"
"QxeYMVXn1u","S91bzuR10O","2026-08-30 04:25:37 KST","후쿠오카","2026-09-15","2026-09-17","20","rating","2","Fukuoka · 후쿠오카공항","실제 사용자 입력·검색 로그"
"QgOAz8QOQt","Siqvgo3iyV","2026-08-30 00:54:34 KST","도쿄","2026-10-24","2026-10-26","1","rating","2","Tokyo · 아사쿠사","실제 사용자 입력·검색 로그"
"QAb1vZ4GAk","Siqvgo3iyV","2026-08-30 00:54:28 KST","도쿄","2026-10-24","2026-10-26","1","rating","2","Tokyo · 아사쿠사","실제 사용자 입력·검색 로그"
"Qt4HZi0lkI","Siqvgo3iyV","2026-08-30 00:51:00 KST","도쿄 시부야","2026-10-24","2026-10-26","2","rating","2","Tokyo · 시부야","실제 사용자 입력·검색 로그"
"QhNXUk5Q17","Siqvgo3iyV","2026-08-30 00:50:42 KST","도쿄 시부야","2026-10-24","2026-10-26","2","rating","2","Tokyo · 시부야","실제 사용자 입력·검색 로그"
"QzW6pHMQvO","Siqvgo3iyV","2026-08-30 00:50:23 KST","도쿄 시부야","2026-10-24","2026-10-26","2","rating","2","Tokyo · 시부야","실제 사용자 입력·검색 로그"
"QdQm7TB7Bh","Siqvgo3iyV","2026-08-30 00:50:03 KST","도쿄 아사쿠사","2026-10-24","2026-10-26","0","rating","2","Tokyo · 아사쿠사","실제 사용자 입력·검색 로그"
"QlQV4DpnY7","Siqvgo3iyV","2026-08-30 00:49:54 KST","도쿄 아사쿠사","2026-10-24","2026-10-26","0","rating","2","Tokyo · 아사쿠사","실제 사용자 입력·검색 로그"
"QJJ5euyNY6","Siqvgo3iyV","2026-08-30 00:49:48 KST","도쿄 아사쿠사","2026-10-24","2026-10-26","0","rating","2","Tokyo · 아사쿠사","실제 사용자 입력·검색 로그"
"QTcSQ3UTG9","Siqvgo3iyV","2026-08-30 00:49:12 KST","도쿄 아사쿠사","2026-10-24","2026-10-26","0","rating","2","Tokyo · 아사쿠사","실제 사용자 입력·검색 로그"
"Q5g1usJmNO","Siqvgo3iyV","2026-08-30 00:47:46 KST","도쿄 아사쿠사","2026-10-24","2026-10-26","3","rating","2","Tokyo · 아사쿠사","실제 사용자 입력·검색 로그"
"QH7peFLBoy","Siqvgo3iyV","2026-08-30 00:47:40 KST","도쿄 아사쿠사","2026-10-24","2026-10-26","3","rating","2","Tokyo · 아사쿠사","실제 사용자 입력·검색 로그"
"Qtg4AuTk80","ShtAb53pnr","2026-08-30 00:18:15 KST","오사카 수영장","2026-09-15","2026-09-17","40","rating","2","","실제 사용자 입력·검색 로그"
"QfTXekQDfJ","ShtAb53pnr","2026-08-30 00:17:43 KST","","2026-09-15","2026-09-17","0","rating","2","Osaka · 베이 에어리어","실제 사용자 입력·검색 로그"
"Que6VVbeMu","ShtAb53pnr","2026-08-30 00:17:35 KST","","2026-09-15","2026-09-17","0","rating","2","Osaka · 베이 에어리어","실제 사용자 입력·검색 로그"
"QQi1j1K7dx","ShtAb53pnr","2026-08-30 00:17:17 KST","","2026-09-15","2026-09-17","20","rating","2","Osaka · 우메다","실제 사용자 입력·검색 로그"
"Ql67r81EpA","ShtAb53pnr","2026-08-30 00:17:06 KST","","2026-09-15","2026-09-17","20","rating","2","Osaka · 우메다","실제 사용자 입력·검색 로그"
"Q1E16J31sl","ShtAb53pnr","2026-08-30 00:16:45 KST","","2026-09-15","2026-09-17","20","rating","2","Sapporo · 삿포로역","실제 사용자 입력·검색 로그"
"Q5OhEcNvDL","ShtAb53pnr","2026-08-30 00:16:35 KST","","2026-09-15","2026-09-17","20","rating","2","Sapporo · 삿포로역","실제 사용자 입력·검색 로그"
"Q0hj3lX3d2","SkcgUsGdun","2026-08-30 00:15:12 KST","","2026-10-06","2026-10-08","20","rating","2","Osaka · 우메다","실제 사용자 입력·검색 로그"
"Q7KYhEjXuF","SkcgUsGdun","2026-08-30 00:14:56 KST","","2026-10-06","2026-10-08","20","rating","2","Sapporo · 조잔케이","실제 사용자 입력·검색 로그"
"QD19rpKLBu","SkcgUsGdun","2026-08-30 00:14:45 KST","","2026-10-06","2026-10-08","20","rating","2","Sapporo · 삿포로역","실제 사용자 입력·검색 로그"
"QKasDgCgMX","SkcgUsGdun","2026-08-30 00:14:40 KST","","2026-10-06","2026-10-08","20","rating","2","Sapporo · 삿포로역","실제 사용자 입력·검색 로그"
"Qivme9BcfI","SkcgUsGdun","2026-08-30 00:14:25 KST","","2026-10-06","2026-10-08","0","rating","2","Sapporo · 스스키노","실제 사용자 입력·검색 로그"
"QFeDedfFiH","SkcgUsGdun","2026-08-30 00:14:12 KST","","2026-10-06","2026-10-08","20","rating","2","Sapporo · 스스키노","실제 사용자 입력·검색 로그"
"QzEPjGbPin","SkcgUsGdun","2026-08-30 00:14:08 KST","","2026-10-06","2026-10-08","20","rating","2","Sapporo · 스스키노","실제 사용자 입력·검색 로그"
"QB3WlYYqhr","SWEbVX9z5m","2026-08-29 15:34:39 KST","오사카","2026-09-15","2026-09-17","1","rating","2","Osaka · 우메다","실제 사용자 입력·검색 로그"
"Q4ojVzeYmP","SWEbVX9z5m","2026-08-29 15:34:31 KST","오사카","2026-09-15","2026-09-17","1","rating","2","Osaka · 우메다","실제 사용자 입력·검색 로그"
"Qz8qULWeAO","SWEbVX9z5m","2026-08-29 15:34:17 KST","오사카","2026-09-15","2026-09-17","1","rating","2","Osaka · 우메다","실제 사용자 입력·검색 로그"
"QFE89HVGJy","SWEbVX9z5m","2026-08-29 15:33:46 KST","오사카","2026-09-15","2026-09-17","20","rating","2","Osaka · 우메다","실제 사용자 입력·검색 로그"
"QyiluUQR6w","SrO2iKr6xo","2026-08-29 15:29:33 KST","긴자","2026-11-16","2026-11-20","0","rating","1","Tokyo · 긴자·도쿄역","실제 사용자 입력·검색 로그"
"Q2r2D0t4EI","SrO2iKr6xo","2026-08-29 15:29:28 KST","긴자","2026-11-16","2026-11-20","0","rating","1","Tokyo · 긴자·도쿄역","실제 사용자 입력·검색 로그"
"Q144xkNQ66","SrO2iKr6xo","2026-08-29 15:29:18 KST","긴자","2026-11-16","2026-11-20","0","rating","1","Tokyo · 긴자·도쿄역","실제 사용자 입력·검색 로그"
"QrOH8Wh0MU","SrO2iKr6xo","2026-08-29 15:29:07 KST","긴자","2026-11-16","2026-11-20","0","rating","1","Tokyo · 긴자·도쿄역","실제 사용자 입력·검색 로그"
"QABMEZ2Lmp","SrO2iKr6xo","2026-08-29 15:28:52 KST","도쿄역","2026-11-16","2026-11-20","0","rating","1","Tokyo · 긴자·도쿄역","실제 사용자 입력·검색 로그"
"QMya34Dtrx","SrO2iKr6xo","2026-08-29 15:28:38 KST","도쿄역","2026-11-16","2026-11-20","0","rating","1","Tokyo · 긴자·도쿄역","실제 사용자 입력·검색 로그"
"QLrcXogjG4","SrO2iKr6xo","2026-08-29 15:27:24 KST","도쿄역","2026-11-16","2026-11-20","20","rating","1","Tokyo · 긴자·도쿄역","실제 사용자 입력·검색 로그"
"QbBJTBUPa4","SPUx28T3TL","2026-08-29 15:22:46 KST","오사카","2026-09-15","2026-09-17","0","rating","1","Osaka · 난바","실제 사용자 입력·검색 로그"
"QKllNtGPha","SPUx28T3TL","2026-08-29 15:22:28 KST","오사카","2026-09-15","2026-09-17","0","rating","1","Osaka · 난바","실제 사용자 입력·검색 로그"
"QE7r3ta0u4","SPUx28T3TL","2026-08-29 15:22:12 KST","오사카","2026-09-18","2026-09-21","0","rating","1","Osaka · 난바","실제 사용자 입력·검색 로그"
"Qa0fMoODEd","SPUx28T3TL","2026-08-29 15:21:47 KST","오사카","2026-09-18","2026-09-21","0","rating","1","Osaka · 도톤보리","실제 사용자 입력·검색 로그"
"QGGpgMQ4v5","SPUx28T3TL","2026-08-29 15:21:27 KST","오사카","2026-09-18","2026-09-21","0","rating","1","Osaka · 도톤보리","실제 사용자 입력·검색 로그"
"QvaUyoaO1v","SPUx28T3TL","2026-08-29 15:21:02 KST","오사카","2026-09-18","2026-09-21","0","rating","1","Osaka · 도톤보리","실제 사용자 입력·검색 로그"
"QJ5UwonmAd","SPUx28T3TL","2026-08-29 15:20:40 KST","오사카","2026-09-18","2026-09-21","0","rating","1","Osaka · 도톤보리","실제 사용자 입력·검색 로그"
"QgJG1BMi66","SPUx28T3TL","2026-08-29 15:20:31 KST","오사카","2026-09-18","2026-09-21","0","rating","1","Osaka · 도톤보리","실제 사용자 입력·검색 로그"
"QPBoqRdZbv","SPUx28T3TL","2026-08-29 15:19:29 KST","오사카","2026-09-18","2026-09-21","20","rating","1","Osaka · 도톤보리","실제 사용자 입력·검색 로그"
"Q8F2x5T73e","SDCHJP9GEL","2026-08-29 14:59:09 KST","","2026-09-15","2026-09-17","200","rating","2","Osaka","실제 사용자 입력·검색 로그"
"QUtMXdv6ob","SDCHJP9GEL","2026-08-29 14:59:05 KST","오사카","2026-09-15","2026-09-17","0","rating","2","Osaka","실제 사용자 입력·검색 로그"
"QQePBK5z8x","SDCHJP9GEL","2026-08-29 14:58:51 KST","오사카","2026-09-15","2026-09-17","0","rating","2","Osaka","실제 사용자 입력·검색 로그"
"QTFeF2EU9i","SDCHJP9GEL","2026-08-29 14:58:29 KST","오사카","2026-09-15","2026-09-17","0","rating","2","Osaka","실제 사용자 입력·검색 로그"
"QtwAVcibe6","SDCHJP9GEL","2026-08-29 14:58:24 KST","오사카","2026-09-15","2026-09-17","0","rating","2","Osaka","실제 사용자 입력·검색 로그"
"QyOpiHRmKC","SDCHJP9GEL","2026-08-29 14:58:19 KST","오사카","2026-09-15","2026-09-17","0","rating","2","Osaka","실제 사용자 입력·검색 로그"
"Qt0WKa0SLV","SDCHJP9GEL","2026-08-29 14:57:36 KST","오사카","2026-09-15","2026-09-17","200","rating","2","Osaka","실제 사용자 입력·검색 로그"
"Qx8ZxQys2h","SA4wocK7sn","2026-08-29 14:33:55 KST","","2026-09-15","2026-09-17","34","rating","2","Tokyo","실제 사용자 입력·검색 로그"
"QwnjNndIom","SA4wocK7sn","2026-08-29 14:33:27 KST","신주쿠","2026-09-15","2026-09-17","0","rating","2","Tokyo · 시부야","실제 사용자 입력·검색 로그"
"QsD7Y2RjXZ","SA4wocK7sn","2026-08-29 14:33:01 KST","신주쿠","2026-09-15","2026-09-17","0","rating","2","Tokyo · 시부야","실제 사용자 입력·검색 로그"
"QrZAOp2NGj","SULtlDqL8H","2026-08-29 14:19:32 KST","오사카","2026-09-15","2026-09-17","20","rating","2","Osaka · 혼마치","실제 사용자 입력·검색 로그"
"Q3NxstM9ZB","SULtlDqL8H","2026-08-29 14:19:25 KST","오사카","2026-09-15","2026-09-17","20","rating","2","Osaka · 혼마치","실제 사용자 입력·검색 로그"
"Q1blO4uG1n","SULtlDqL8H","2026-08-29 14:15:16 KST","도쿄","2026-09-15","2026-09-17","0","rating","2","Tokyo · 긴자·도쿄역","실제 사용자 입력·검색 로그"
"QLf7Ck6UwJ","SULtlDqL8H","2026-08-29 14:15:04 KST","도쿄","2026-09-15","2026-09-17","0","rating","2","Tokyo · 긴자·도쿄역","실제 사용자 입력·검색 로그"
"QhzNheB7lJ","SULtlDqL8H","2026-08-29 14:14:59 KST","도쿄","2026-09-15","2026-09-17","0","rating","2","Tokyo · 긴자·도쿄역","실제 사용자 입력·검색 로그"
"QQH9lq7yvj","SULtlDqL8H","2026-08-29 14:14:44 KST","도쿄","2026-09-15","2026-09-17","0","rating","2","Tokyo · 긴자·도쿄역","실제 사용자 입력·검색 로그"
"QBCHAwUJn9","SULtlDqL8H","2026-08-29 14:14:16 KST","도쿄","2026-09-15","2026-09-17","20","rating","2","Tokyo · 긴자·도쿄역","실제 사용자 입력·검색 로그"
"Q1kmQKk0rb","S8wi9Cgmyj","2026-08-29 12:52:18 KST","요코하마","2026-10-08","2026-10-11","0","reviews","2","","실제 사용자 입력·검색 로그"
"Qpt90DDgsn","S8wi9Cgmyj","2026-08-29 12:52:04 KST","요코하마","2026-10-08","2026-10-11","0","reviews","2","","실제 사용자 입력·검색 로그"
"Q0nO9cnSPd","S8wi9Cgmyj","2026-08-29 12:51:32 KST","요코하마","2026-10-08","2026-10-11","0","reviews","2","","실제 사용자 입력·검색 로그"
"QQ5RXBXBR4","S8wi9Cgmyj","2026-08-29 12:51:16 KST","요코하마","2026-10-08","2026-10-11","0","reviews","2","","실제 사용자 입력·검색 로그"
"QdVKYmGhra","S8wi9Cgmyj","2026-08-29 12:51:05 KST","요코하마","2026-10-08","2026-10-11","0","reviews","2","","실제 사용자 입력·검색 로그"
"QD4U3ztNlp","S8wi9Cgmyj","2026-08-29 12:50:29 KST","요코하마","2026-10-08","2026-10-11","0","reviews","2","","실제 사용자 입력·검색 로그"
"Q0alv53UTl","S8wi9Cgmyj","2026-08-29 12:50:14 KST","요코하마","2026-10-08","2026-10-11","0","reviews","2","","실제 사용자 입력·검색 로그"
"Qi6IhgLadE","S8wi9Cgmyj","2026-08-29 12:49:10 KST","요코하마","2026-10-08","2026-10-11","0","rating","2","","실제 사용자 입력·검색 로그"
"Q1ZmSWFT1T","S18Lz1cYYu","2026-08-29 10:36:12 KST","","2026-09-18","2026-09-21","13","rating","1","Tokyo · 신주쿠","실제 사용자 입력·검색 로그"
"QvArPo2JT7","S18Lz1cYYu","2026-08-29 10:35:51 KST","","2026-09-18","2026-09-21","20","rating","1","Tokyo · 신주쿠","실제 사용자 입력·검색 로그"
"Q7f2HeFFFW","S18Lz1cYYu","2026-08-29 10:35:44 KST","","2026-09-18","2026-09-21","20","rating","1","Tokyo · 신주쿠","실제 사용자 입력·검색 로그"
"QNHhx3jdVH","SkcgUsGdun","2026-08-29 09:59:04 KST","","2026-09-23","2026-09-25","20","rating","2","Fukuoka · 하카타역","실제 사용자 입력·검색 로그"
"Qkmoq7rfGj","SkcgUsGdun","2026-08-29 09:58:14 KST","","2026-09-23","2026-09-25","20","rating","2","Fukuoka · 하카타역","실제 사용자 입력·검색 로그"
"QhCR0t5IkB","SkcgUsGdun","2026-08-29 09:58:07 KST","","2026-09-23","2026-09-25","20","rating","2","Fukuoka · 하카타역","실제 사용자 입력·검색 로그"
"Q9R6aKDqdQ","SkcgUsGdun","2026-08-29 09:58:00 KST","","2026-09-23","2026-09-25","20","rating","2","Fukuoka · 하카타역","실제 사용자 입력·검색 로그"
"QQ0zK37fEm","SkcgUsGdun","2026-08-29 09:57:46 KST","","2026-09-23","2026-09-25","20","rating","2","Kyoto · 교토역","실제 사용자 입력·검색 로그"
"Q0ziQEmxKz","SkcgUsGdun","2026-08-29 09:55:53 KST","","2026-09-23","2026-09-25","20","rating","2","Kyoto · 아라시야마","실제 사용자 입력·검색 로그"
"QPFT3MmIOr","SkcgUsGdun","2026-08-29 09:55:40 KST","","2026-09-23","2026-09-25","20","rating","2","Kyoto · 아라시야마","실제 사용자 입력·검색 로그"
"QMfp2J1ja2","SkcgUsGdun","2026-08-29 09:53:57 KST","","2026-09-23","2026-09-25","7","rating","2","Osaka · 우메다","실제 사용자 입력·검색 로그"
"QkIVhDt22g","SkcgUsGdun","2026-08-29 09:53:47 KST","","2026-09-23","2026-09-25","0","rating","2","Osaka · 신사이바시","실제 사용자 입력·검색 로그"
"QbC8XA3KTg","SkcgUsGdun","2026-08-29 09:53:31 KST","","2026-09-23","2026-09-25","0","rating","2","Osaka · 베이 에어리어","실제 사용자 입력·검색 로그"
"Qv3ns58DE8","SkcgUsGdun","2026-08-29 09:53:09 KST","","2026-09-23","2026-09-25","0","rating","2","Osaka · 베이 에어리어","실제 사용자 입력·검색 로그"
"QNJsD4kPg0","SkcgUsGdun","2026-08-29 09:52:54 KST","","2026-09-23","2026-09-25","0","rating","2","Osaka · 혼마치","실제 사용자 입력·검색 로그"
"QDOaJ4gi3E","SkcgUsGdun","2026-08-29 09:52:45 KST","","2026-09-23","2026-09-25","0","rating","2","Osaka · 난바","실제 사용자 입력·검색 로그"
"Q3coLsdzsA","SkcgUsGdun","2026-08-29 09:52:30 KST","","2026-09-23","2026-09-25","0","rating","2","Osaka · 우메다","실제 사용자 입력·검색 로그"
"QLu3t2o66w","SkcgUsGdun","2026-08-29 09:52:10 KST","","2026-09-23","2026-09-25","0","rating","2","Osaka · 우메다","실제 사용자 입력·검색 로그"
"QNZZ7f3AVs","SkcgUsGdun","2026-08-29 09:51:20 KST","","2026-09-23","2026-09-25","7","rating","2","Osaka · 우메다","실제 사용자 입력·검색 로그"
"QxoEav5d6U","SkcgUsGdun","2026-08-29 09:51:12 KST","","2026-09-23","2026-09-25","7","rating","2","Osaka","실제 사용자 입력·검색 로그"
"Qz6XeRkveI","SkcgUsGdun","2026-08-29 09:50:50 KST","","2026-09-23","2026-09-25","20","rating","2","Osaka · 신사이바시","실제 사용자 입력·검색 로그"
"QNFRCCVqbP","SkcgUsGdun","2026-08-29 09:50:31 KST","","2026-09-23","2026-09-25","200","rating","2","Kyoto","실제 사용자 입력·검색 로그"
"QS2Nf7ujam","SkcgUsGdun","2026-08-29 09:50:21 KST","교토","2026-09-23","2026-09-25","134","rating","2","Kyoto","실제 사용자 입력·검색 로그"
"Q1pmoZBGd2","SkcgUsGdun","2026-08-29 09:50:14 KST","교토","2026-09-23","2026-09-25","134","rating","2","Kyoto","실제 사용자 입력·검색 로그"
"QSN7J6w0JM","SkcgUsGdun","2026-08-29 09:49:58 KST","교토","2026-09-23","2026-09-25","27","rating","2","Kyoto","실제 사용자 입력·검색 로그"
"QfwZVSviLs","SkcgUsGdun","2026-08-29 09:49:41 KST","교토","2026-09-23","2026-09-25","0","rating","2","Kyoto","실제 사용자 입력·검색 로그"
"QzsgiJmvpS","SkcgUsGdun","2026-08-29 09:49:16 KST","교토","2026-09-23","2026-09-25","200","rating","2","Kyoto","실제 사용자 입력·검색 로그"
"QgVB7GVeCU","SEyPw9YcYF","2026-08-29 08:32:31 KST","","2026-09-15","2026-09-18","20","rating","2","Fukuoka · 하카타역","실제 사용자 입력·검색 로그"
"QjccAp74FV","Sl9jy3eBXX","2026-08-28 23:24:43 KST","","2026-09-14","2026-09-16","4","rating","2","Osaka · 난바","실제 사용자 입력·검색 로그"
"QXR60h3snv","Sl9jy3eBXX","2026-08-28 23:21:33 KST","","2026-09-14","2026-09-16","3","rating","2","Fukuoka · 텐진","실제 사용자 입력·검색 로그"
"QHJ9KMR6c0","Sl9jy3eBXX","2026-08-28 23:20:04 KST","","2026-09-14","2026-09-16","20","rating","2","Fukuoka · 텐진","실제 사용자 입력·검색 로그"
"QP5zYUYuK3","SCNuY2yWG3","2026-08-28 22:06:13 KST","후쿠오카","2026-09-15","2026-09-17","7","rating","2","","실제 사용자 입력·검색 로그"
"QWr1WK9Qt2","SCNuY2yWG3","2026-08-28 22:05:48 KST","후쿠오카","2026-09-15","2026-09-17","200","rating","2","","실제 사용자 입력·검색 로그"
"QXpCq5SenS","S7lDQeGcnC","2026-08-28 21:57:31 KST","신주쿠","2026-09-15","2026-09-17","0","rating","2","Tokyo · 신주쿠","실제 사용자 입력·검색 로그"
"Q2ZWvN7WQv","S7lDQeGcnC","2026-08-28 21:57:24 KST","신주쿠","2026-09-15","2026-09-17","0","rating","2","Tokyo · 신주쿠","실제 사용자 입력·검색 로그"
"QN7QHax84N","S7lDQeGcnC","2026-08-28 21:57:05 KST","신주쿠","2026-09-15","2026-09-17","2","rating","2","Tokyo · 신주쿠","실제 사용자 입력·검색 로그"
"QhM79a9imX","S7lDQeGcnC","2026-08-28 21:56:54 KST","신주쿠","2026-09-15","2026-09-17","10","rating","2","","실제 사용자 입력·검색 로그"
"Qy9phiue1Y","S1Wd4jiS4x","2026-08-28 21:21:34 KST","","2026-09-26","2026-09-28","33","rating","3","Sapporo","실제 사용자 입력·검색 로그"
"QAQYUagzxG","S1Wd4jiS4x","2026-08-28 21:15:05 KST","","2026-09-26","2026-09-28","200","rating","3","Sapporo","실제 사용자 입력·검색 로그"
"QWBsF3FDla","S1Wd4jiS4x","2026-08-28 21:14:50 KST","","2026-09-26","2026-09-28","0","rating","3","Sapporo","실제 사용자 입력·검색 로그"
"QTREFrQEKy","S1Wd4jiS4x","2026-08-28 21:14:45 KST","","2026-09-26","2026-09-28","0","rating","3","Kyoto","실제 사용자 입력·검색 로그"
"QE2skmxqtN","S1Wd4jiS4x","2026-08-28 21:14:31 KST","오사카","2026-09-26","2026-09-28","0","rating","3","Osaka","실제 사용자 입력·검색 로그"
"Qa8azF2WC3","S1Wd4jiS4x","2026-08-28 21:14:18 KST","오사카","2026-09-26","2026-09-28","0","rating","3","Osaka","실제 사용자 입력·검색 로그"
"QUO2PegZM0","S1Wd4jiS4x","2026-08-28 21:13:54 KST","오사카","2026-09-15","2026-09-17","0","rating","3","Osaka","실제 사용자 입력·검색 로그"
"QViuMM7Oz3","S1Wd4jiS4x","2026-08-28 21:13:30 KST","오사카","2026-09-15","2026-09-17","0","rating","3","Osaka","실제 사용자 입력·검색 로그"
"Qw6asIBogx","S1Wd4jiS4x","2026-08-28 21:13:12 KST","오사카","2026-09-15","2026-09-17","0","rating","3","Osaka","실제 사용자 입력·검색 로그"
"Q9p0GVJd87","S1Wd4jiS4x","2026-08-28 21:13:02 KST","오사카","2026-09-15","2026-09-17","0","rating","3","Osaka","실제 사용자 입력·검색 로그"
"Qggs5ViKs6","S1Wd4jiS4x","2026-08-28 21:12:55 KST","오사카","2026-09-15","2026-09-17","0","rating","3","Osaka · 신오사카","실제 사용자 입력·검색 로그"
"QSVwupeLeB","S1Wd4jiS4x","2026-08-28 21:12:40 KST","오사카","2026-09-15","2026-09-17","0","rating","3","Osaka","실제 사용자 입력·검색 로그"
"QTNHlfQlWK","S1Wd4jiS4x","2026-08-28 21:12:30 KST","오사카","2026-09-15","2026-09-17","0","rating","3","Osaka","실제 사용자 입력·검색 로그"
"Q2pHbv607e","S1Wd4jiS4x","2026-08-28 21:12:12 KST","오사카","2026-09-15","2026-09-17","0","rating","3","","실제 사용자 입력·검색 로그"
"QeGll1HGG0","S1Wd4jiS4x","2026-08-28 21:12:00 KST","도쿄","2026-09-15","2026-09-17","0","rating","3","","실제 사용자 입력·검색 로그"
"QqyC1G3Ogh","S1Wd4jiS4x","2026-08-28 21:11:28 KST","도쿄","2026-09-15","2026-09-17","0","rating","3","","실제 사용자 입력·검색 로그"
"QvGWKdjvxi","S1Wd4jiS4x","2026-08-28 21:11:22 KST","도쿄","2026-09-15","2026-09-17","0","rating","3","","실제 사용자 입력·검색 로그"
"Q0Hk8yHrcS","S1Wd4jiS4x","2026-08-28 21:11:16 KST","도쿄","2026-09-15","2026-09-17","0","rating","3","","실제 사용자 입력·검색 로그"
"Q0we4ad3p2","S1Wd4jiS4x","2026-08-28 21:10:30 KST","삿포로 스파","2026-09-15","2026-09-17","0","rating","3","","실제 사용자 입력·검색 로그"
"QA7bQhTiLs","S1Wd4jiS4x","2026-08-28 21:10:12 KST","삿포로 스파","2026-09-15","2026-09-17","0","rating","3","","실제 사용자 입력·검색 로그"
"QHJY1Vy3gK","S1Wd4jiS4x","2026-08-28 21:10:02 KST","삿포로 스파","2026-09-15","2026-09-17","0","rating","3","","실제 사용자 입력·검색 로그"
"QIofE2CcLU","S1Wd4jiS4x","2026-08-28 21:08:48 KST","삿포로 스파","2026-09-15","2026-09-17","33","rating","3","","실제 사용자 입력·검색 로그"
"QLRmTuz6bd","Sy64D5K31o","2026-08-28 21:03:19 KST","","2026-09-15","2026-09-17","13","reviews","5","Fukuoka · 다자이후","실제 사용자 입력·검색 로그"
"QEelg8ZQ9v","Sy64D5K31o","2026-08-28 21:02:57 KST","","2026-09-15","2026-09-17","13","reviews","5","Fukuoka · 다자이후","실제 사용자 입력·검색 로그"
"Qc9unS1iN4","Sy64D5K31o","2026-08-28 21:02:28 KST","","2026-09-15","2026-09-17","20","rating","5","Fukuoka · 다자이후","실제 사용자 입력·검색 로그"
"QFQfGGxB7C","S5uStHxWd1","2026-08-28 20:56:21 KST","삿포로","2026-09-15","2026-09-17","1","rating","2","Sapporo · 스스키노","실제 사용자 입력·검색 로그"
"QU5L077FC4","S5uStHxWd1","2026-08-28 20:56:01 KST","삿포로","2026-09-15","2026-09-17","19","rating","2","Sapporo · 스스키노","실제 사용자 입력·검색 로그"
"QHEes8JGl4","S35n2Yb6bf","2026-08-28 20:55:32 KST","교토","2026-12-25","2026-12-27","136","rating","2","Kyoto","실제 사용자 입력·검색 로그"
"Qgw6cthBke","S35n2Yb6bf","2026-08-28 20:55:16 KST","에이스 호텔","2026-12-25","2026-12-27","0","rating","2","Kyoto","실제 사용자 입력·검색 로그"
"QeO8BWowuQ","S35n2Yb6bf","2026-08-28 20:55:04 KST","에이스 호텔","2026-12-25","2026-12-27","0","rating","2","Kyoto","실제 사용자 입력·검색 로그"
"QWgnGg4bx4","S35n2Yb6bf","2026-08-28 20:54:25 KST","에이스 호텔","2026-12-25","2026-12-27","0","rating","2","Kyoto","실제 사용자 입력·검색 로그"
"QEe4A3pfOC","SU4Kh6CjQz","2026-08-28 20:52:55 KST","신주쿠","2026-10-03","2026-10-05","2","rating","4","Tokyo · 신주쿠","실제 사용자 입력·검색 로그"
"Qq3kiTTYV2","SU4Kh6CjQz","2026-08-28 20:52:19 KST","신주쿠","2026-10-03","2026-10-05","2","rating","4","Tokyo · 신주쿠","실제 사용자 입력·검색 로그"
"QBJ8OQa7v5","SU4Kh6CjQz","2026-08-28 20:52:06 KST","신주쿠","2026-10-03","2026-10-05","2","rating","4","Tokyo · 신주쿠","실제 사용자 입력·검색 로그"
"Qc0zjdpewR","S1owF49mXg","2026-08-28 20:38:40 KST","온천","2026-09-15","2026-09-17","45","reviews","2","","실제 사용자 입력·검색 로그"
"QIzF4dO07g","S1owF49mXg","2026-08-28 20:37:54 KST","온천","2026-09-15","2026-09-17","45","reviews","2","","실제 사용자 입력·검색 로그"
"QuPacEA6qw","S1owF49mXg","2026-08-28 20:37:42 KST","온천","2026-09-15","2026-09-17","0","reviews","2","","실제 사용자 입력·검색 로그"
"Q85VtJzygQ","S1owF49mXg","2026-08-28 20:37:33 KST","온천","2026-09-15","2026-09-17","0","reviews","2","","실제 사용자 입력·검색 로그"
"QfY7e9nSuD","S1owF49mXg","2026-08-28 20:37:25 KST","온천","2026-09-15","2026-09-17","0","reviews","2","","실제 사용자 입력·검색 로그"
"QUD9FJSnhP","S1owF49mXg","2026-08-28 20:37:19 KST","온천","2026-09-15","2026-09-17","0","reviews","2","","실제 사용자 입력·검색 로그"
"Qm8QU0i9f1","S1owF49mXg","2026-08-28 20:37:07 KST","온천","2026-09-15","2026-09-17","0","reviews","2","","실제 사용자 입력·검색 로그"
"QsfgBXWBsE","SbCIb6zwy0","2026-08-28 20:35:46 KST","","2026-11-23","2026-11-26","1","price","2","Sapporo · 스스키노","실제 사용자 입력·검색 로그"
"QXEmuiN91c","S1owF49mXg","2026-08-28 20:35:44 KST","온천","2026-09-15","2026-09-17","125","rating","2","","실제 사용자 입력·검색 로그"
"QdJcW3bHTQ","SbCIb6zwy0","2026-08-28 20:35:35 KST","","2026-11-23","2026-11-26","0","price","2","Sapporo · 삿포로역","실제 사용자 입력·검색 로그"
"QE8FKEgEHY","SbCIb6zwy0","2026-08-28 20:34:12 KST","","2026-11-23","2026-11-26","1","price","2","Sapporo · 오도리","실제 사용자 입력·검색 로그"
"QtgT67Z9J2","SbCIb6zwy0","2026-08-28 20:33:49 KST","오도리공원","2026-11-23","2026-11-26","1","price","2","Sapporo","실제 사용자 입력·검색 로그"
"Q20ze9WvuD","SbCIb6zwy0","2026-08-28 20:31:20 KST","","2026-11-23","2026-11-26","9","price","2","Sapporo","실제 사용자 입력·검색 로그"
"QYnqAOLdk9","SbCIb6zwy0","2026-08-28 20:30:48 KST","","2026-11-23","2026-11-26","32","reviews","2","Sapporo","실제 사용자 입력·검색 로그"
"QIQUrGyX2R","SbCIb6zwy0","2026-08-28 20:30:29 KST","","2026-11-23","2026-11-26","200","rating","2","Sapporo","실제 사용자 입력·검색 로그"
"QVb4N776JF","SbCIb6zwy0","2026-08-28 20:28:11 KST","","2026-09-15","2026-09-17","4","reviews","2","Tokyo · 시부야","실제 사용자 입력·검색 로그"
"QeqY33BRal","SbCIb6zwy0","2026-08-28 20:27:46 KST","","2026-09-15","2026-09-17","20","rating","2","Tokyo · 시부야","실제 사용자 입력·검색 로그"
"QU9ouTT4sN","STEqUIZTbY","2026-08-28 20:25:36 KST","","2026-09-21","2026-09-25","2","rating","2","Kyoto · 교토역","실제 사용자 입력·검색 로그"
"QXLsAqGTu8","STEqUIZTbY","2026-08-28 20:25:29 KST","","2026-09-21","2026-09-25","0","rating","2","Kyoto · 교토역","실제 사용자 입력·검색 로그"
"Q504QO0eho","STEqUIZTbY","2026-08-28 20:25:09 KST","","2026-09-21","2026-09-25","20","rating","2","Kyoto · 교토역","실제 사용자 입력·검색 로그"
"QM024jAVa9","SbCIb6zwy0","2026-08-28 20:23:45 KST","","2026-10-27","2026-10-29","0","rating","2","Osaka","실제 사용자 입력·검색 로그"
"Qx2ylHJaeU","SbCIb6zwy0","2026-08-28 20:23:14 KST","","2026-10-27","2026-10-29","0","reviews","2","Osaka · 신사이바시","실제 사용자 입력·검색 로그"
"QszxMx07ps","SbCIb6zwy0","2026-08-28 20:22:40 KST","","2026-09-15","2026-09-17","0","reviews","2","Osaka · 신사이바시","실제 사용자 입력·검색 로그"
"QvbLNeWFHO","SbCIb6zwy0","2026-08-28 20:22:27 KST","신사이바시","2026-09-15","2026-09-17","0","reviews","2","Osaka · 신사이바시","실제 사용자 입력·검색 로그"
"QBbv00qVqv","SbCIb6zwy0","2026-08-28 20:22:16 KST","신사이바시","2026-09-15","2026-09-17","0","reviews","2","Osaka · 신사이바시","실제 사용자 입력·검색 로그"
"QFMU1dCdR3","STEqUIZTbY","2026-08-28 20:22:10 KST","","2026-09-21","2026-09-25","20","rating","2","Osaka · 오사카성","실제 사용자 입력·검색 로그"
"QZVTvvChUQ","SbCIb6zwy0","2026-08-28 20:22:02 KST","신사이바시","2026-09-15","2026-09-17","0","reviews","2","Osaka · 신사이바시","실제 사용자 입력·검색 로그"
"Qw4zvSJSN6","STEqUIZTbY","2026-08-28 20:21:52 KST","","2026-09-21","2026-09-25","1000","rating","2","","실제 사용자 입력·검색 로그"
"Q7eMXZBvMB","SbCIb6zwy0","2026-08-28 20:21:49 KST","신사이바시","2026-09-15","2026-09-17","0","reviews","2","Osaka · 신사이바시","실제 사용자 입력·검색 로그"
"QQTUE2ToUl","SbCIb6zwy0","2026-08-28 20:21:43 KST","신사이바시","2026-09-15","2026-09-17","0","reviews","2","Osaka · 신사이바시","실제 사용자 입력·검색 로그"
"QEhf8Qa94O","SbCIb6zwy0","2026-08-28 20:20:24 KST","신사이바시","2026-09-15","2026-09-17","20","rating","2","Osaka · 신사이바시","실제 사용자 입력·검색 로그"
"QfyEdhfadA","STEqUIZTbY","2026-08-28 20:20:03 KST","","2026-09-21","2026-09-25","20","rating","2","Osaka · 오사카성","실제 사용자 입력·검색 로그"
"QyoWpIknRm","STEqUIZTbY","2026-08-28 20:19:41 KST","","2026-09-21","2026-09-25","20","rating","2","Osaka · 오사카성","실제 사용자 입력·검색 로그"
"Q24gQrT5q7","SSDnuZnJUx","2026-08-28 19:31:53 KST","오사카","2026-09-15","2026-09-17","3","reviews","2","Osaka · 난바","실제 사용자 입력·검색 로그"
"QhjQC7ISJ6","SSDnuZnJUx","2026-08-28 19:30:58 KST","오사카","2026-09-15","2026-09-17","20","rating","2","Osaka · 난바","실제 사용자 입력·검색 로그"
"Qxu77L6taS","SYtOsNOrtV","2026-08-28 19:28:22 KST","오사카","2026-09-15","2026-09-17","0","reviews","2","Osaka · 도톤보리","실제 사용자 입력·검색 로그"
"Qls5gz8SJD","SYtOsNOrtV","2026-08-28 19:26:53 KST","오사카","2026-09-15","2026-09-17","20","rating","2","Osaka · 도톤보리","실제 사용자 입력·검색 로그"
"QHaA7LVU77","SET0xscWXw","2026-08-28 19:16:17 KST","","2026-11-03","2026-11-06","6","rating","2","Tokyo · 신주쿠","실제 사용자 입력·검색 로그"
"Q5gRr1F1T9","SET0xscWXw","2026-08-28 19:16:07 KST","","2026-11-03","2026-11-06","0","rating","2","Tokyo · 신주쿠","실제 사용자 입력·검색 로그"
"QZBsNvYNxW","SET0xscWXw","2026-08-28 19:16:03 KST","","2026-11-03","2026-11-06","0","rating","2","Tokyo · 신주쿠","실제 사용자 입력·검색 로그"
"QzSc7wHrY0","SET0xscWXw","2026-08-28 19:15:53 KST","","2026-11-03","2026-11-06","0","rating","2","Tokyo · 신주쿠","실제 사용자 입력·검색 로그"
"QQFpVOZ85A","SET0xscWXw","2026-08-28 19:15:46 KST","","2026-11-03","2026-11-06","0","rating","2","Tokyo · 신주쿠","실제 사용자 입력·검색 로그"
"Qu7IZVdIfa","SET0xscWXw","2026-08-28 19:15:02 KST","","2026-11-03","2026-11-06","20","rating","2","Tokyo · 신주쿠","실제 사용자 입력·검색 로그"
"Qef6nhfBaf","SAGoMPtwtv","2026-08-28 18:59:19 KST","","2026-09-17","2026-09-20","7","rating","2","Osaka · 난바","실제 사용자 입력·검색 로그"
"Qr8f8e0yPK","SAGoMPtwtv","2026-08-28 18:58:02 KST","","2026-09-17","2026-09-20","7","rating","2","Osaka · 난바","실제 사용자 입력·검색 로그"
"Q5su591bLG","SAGoMPtwtv","2026-08-28 18:57:53 KST","","2026-09-17","2026-09-20","7","rating","2","Osaka · 난바","실제 사용자 입력·검색 로그"
"QJimeDlDOV","SAGoMPtwtv","2026-08-28 18:57:34 KST","","2026-09-17","2026-09-20","1","rating","2","Osaka · 난바","실제 사용자 입력·검색 로그"
"Qp4nY8fw73","SAGoMPtwtv","2026-08-28 18:56:34 KST","","2026-09-17","2026-09-20","1","rating","2","Osaka · 난바","실제 사용자 입력·검색 로그"
"QZexs2DQR6","SAGoMPtwtv","2026-08-28 18:56:23 KST","","2026-09-17","2026-09-20","0","rating","2","Osaka · 난바","실제 사용자 입력·검색 로그"
"QuVxROuQ7j","SAGoMPtwtv","2026-08-28 18:56:15 KST","","2026-09-17","2026-09-20","0","rating","2","Osaka · 난바","실제 사용자 입력·검색 로그"
"Q31Aqviple","SAGoMPtwtv","2026-08-28 18:55:55 KST","","2026-09-17","2026-09-20","0","rating","2","Osaka · 난바","실제 사용자 입력·검색 로그"
"QoNkA0Hv40","SAGoMPtwtv","2026-08-28 18:55:44 KST","오사카","2026-09-17","2026-09-20","0","rating","2","Osaka · 난바","실제 사용자 입력·검색 로그"
"Qp9D5k4c1O","SAGoMPtwtv","2026-08-28 18:55:30 KST","오사카","2026-09-17","2026-09-20","0","rating","2","Osaka · 난바","실제 사용자 입력·검색 로그"
"QD0YRMjvrt","SAGoMPtwtv","2026-08-28 18:54:42 KST","오사카","2026-09-17","2026-09-20","20","rating","2","Osaka · 난바","실제 사용자 입력·검색 로그"
"QU2RASM7ei","SiYg4jHrQh","2026-08-28 18:47:43 KST","","2026-09-15","2026-09-17","20","rating","2","Tokyo · 긴자·도쿄역","실제 사용자 입력·검색 로그"
"QnqMOZhcIJ","SU4Kh6CjQz","2026-08-28 18:39:46 KST","신주쿠","2026-10-03","2026-10-05","2","rating","4","Tokyo · 신주쿠","실제 사용자 입력·검색 로그"
"Qktaikj4nh","SU4Kh6CjQz","2026-08-28 18:39:39 KST","신주쿠","2026-10-03","2026-10-05","2","rating","4","Tokyo · 신주쿠","실제 사용자 입력·검색 로그"
"Q8xtjCAOnE","SU4Kh6CjQz","2026-08-28 18:39:22 KST","신주쿠","2026-10-03","2026-10-05","2","rating","4","Tokyo · 신주쿠","실제 사용자 입력·검색 로그"
"QqlwUL4k8Z","SU4Kh6CjQz","2026-08-28 18:39:10 KST","신주쿠","2026-10-03","2026-10-05","2","rating","4","Tokyo · 신주쿠","실제 사용자 입력·검색 로그"
"QcyUI8eGde","SU4Kh6CjQz","2026-08-28 18:38:44 KST","신주쿠","2026-10-03","2026-10-05","2","rating","4","Tokyo · 신주쿠","실제 사용자 입력·검색 로그"
"QM2sjX0ZDi","S1ubxerzjp","2026-08-28 18:34:45 KST","","2026-10-16","2026-10-18","0","rating","1","Tokyo · 시부야","실제 사용자 입력·검색 로그"
"QX9VhQsOeU","S1ubxerzjp","2026-08-28 18:34:35 KST","","2026-10-16","2026-10-18","0","rating","1","Tokyo · 시부야","실제 사용자 입력·검색 로그"
"QI2auVPTo7","S1ubxerzjp","2026-08-28 18:34:29 KST","","2026-10-16","2026-10-18","0","rating","1","Tokyo · 시부야","실제 사용자 입력·검색 로그"
"QBTb7ywz5i","S1ubxerzjp","2026-08-28 18:34:17 KST","","2026-10-16","2026-10-18","0","rating","1","Tokyo · 신주쿠","실제 사용자 입력·검색 로그"
"QSwrDZHjxa","S1ubxerzjp","2026-08-28 18:34:09 KST","","2026-10-16","2026-10-18","0","rating","1","Tokyo · 신주쿠","실제 사용자 입력·검색 로그"
"QDfmBpKxkV","S1ubxerzjp","2026-08-28 18:33:54 KST","하라주쿠","2026-10-16","2026-10-18","0","rating","1","Tokyo · 신주쿠","실제 사용자 입력·검색 로그"
"QFmOUuXwC0","S1ubxerzjp","2026-08-28 18:33:49 KST","하라주쿠","2026-10-16","2026-10-18","0","rating","1","Tokyo · 신주쿠","실제 사용자 입력·검색 로그"
"QVKRzz0fER","S1ubxerzjp","2026-08-28 18:33:30 KST","하라주쿠","2026-10-16","2026-10-18","0","rating","1","","실제 사용자 입력·검색 로그"
"QVqaigocSV","S1ubxerzjp","2026-08-28 18:33:13 KST","하라주쿠","2026-10-16","2026-10-18","0","rating","1","","실제 사용자 입력·검색 로그"
"Q2GRU8o0Nj","S1ubxerzjp","2026-08-28 18:32:19 KST","하라주쿠","2026-10-16","2026-10-18","0","rating","1","","실제 사용자 입력·검색 로그"
"QXWFj3kYp7","SU4Kh6CjQz","2026-08-28 18:21:53 KST","도쿄","2026-10-03","2026-10-05","20","rating","4","Tokyo · 신주쿠","실제 사용자 입력·검색 로그"
"Qo2WTKTIMg","S3qXRdxw3F","2026-08-28 18:21:53 KST","도쿄","2026-10-26","2026-10-28","2","price_high","2","Tokyo · 긴자·도쿄역","실제 사용자 입력·검색 로그"
"QeVSvCuOet","SU4Kh6CjQz","2026-08-28 18:21:42 KST","도쿄","2026-10-03","2026-10-05","20","rating","4","Tokyo · 신주쿠","실제 사용자 입력·검색 로그"
"QuH3nnhxsi","S3qXRdxw3F","2026-08-28 18:21:36 KST","도쿄","2026-10-26","2026-10-28","6","price_high","2","Tokyo · 긴자·도쿄역","실제 사용자 입력·검색 로그"
"QjAiUJuB3j","SU4Kh6CjQz","2026-08-28 18:21:27 KST","도쿄","2026-10-03","2026-10-05","20","rating","4","Tokyo · 신주쿠","실제 사용자 입력·검색 로그"
"QILNQUZiVw","S3qXRdxw3F","2026-08-28 18:21:20 KST","도쿄","2026-10-26","2026-10-28","6","price_high","5","Tokyo · 긴자·도쿄역","실제 사용자 입력·검색 로그"
"QFevBckUUl","S3qXRdxw3F","2026-08-28 18:21:12 KST","도쿄","2026-10-26","2026-10-28","6","price","5","Tokyo · 긴자·도쿄역","실제 사용자 입력·검색 로그"
"Q1eBzpF3TZ","SU4Kh6CjQz","2026-08-28 18:21:12 KST","도쿄","2026-10-03","2026-10-05","13","rating","4","Tokyo · 신주쿠","실제 사용자 입력·검색 로그"
"Ql1iySF0Hs","S3qXRdxw3F","2026-08-28 18:21:02 KST","도쿄","2026-10-26","2026-10-28","2","price","5","Tokyo · 긴자·도쿄역","실제 사용자 입력·검색 로그"
"Q62XNf9b75","SU4Kh6CjQz","2026-08-28 18:20:59 KST","도쿄","2026-10-03","2026-10-05","13","rating","4","Tokyo · 신주쿠","실제 사용자 입력·검색 로그"
"QEUIxt7cQL","SU4Kh6CjQz","2026-08-28 18:20:02 KST","도쿄","2026-10-03","2026-10-05","20","rating","4","Tokyo · 신주쿠","실제 사용자 입력·검색 로그"
"QPZN9Elyzn","S3qXRdxw3F","2026-08-28 18:19:35 KST","도쿄","2026-10-26","2026-10-28","2","price","5","Tokyo · 긴자·도쿄역","실제 사용자 입력·검색 로그"
"Q2C8brPDg5","S3qXRdxw3F","2026-08-28 18:19:32 KST","도쿄","2026-10-26","2026-10-28","0","price","5","Tokyo · 긴자·도쿄역","실제 사용자 입력·검색 로그"
"QJEQt6klls","S3qXRdxw3F","2026-08-28 18:19:21 KST","도쿄","2026-10-26","2026-10-28","0","price","5","Tokyo · 긴자·도쿄역","실제 사용자 입력·검색 로그"
"Qre2qYcg89","S3qXRdxw3F","2026-08-28 18:18:23 KST","도쿄","2026-10-26","2026-10-28","20","rating","5","Tokyo · 긴자·도쿄역","실제 사용자 입력·검색 로그"
