"item_name","item_type","category","source_path","target_path","file_count","bytes","status"
"호텔검색_1만명증강_결합전이개정및검증_260907_1418_01","directory","08_실행이력_중간산출물","C:\Users\이소이\Desktop\[은평4기] AI로 끝내자! 바이브코딩으로 배우는 데이터분석 실전 과정\미니 프로젝트\깃허브 업로드용\sesac-data-analysis-mini-project\09_단계별 분석\3단계_10000건_증감_분석\호텔검색_1만명증강_결합전이개정및검증_260907_1418_01","C:\Users\이소이\Desktop\[은평4기] AI로 끝내자! 바이브코딩으로 배우는 데이터분석 실전 과정\미니 프로젝트\깃허브 업로드용\sesac-data-analysis-mini-project\09_단계별 분석\3단계_10000건_증감_분석\08_실행이력_중간산출물\호텔검색_1만명증강_결합전이개정및검증_260907_1418_01","3","34552787","HOLD_PARTIAL_TARGET"
"호텔검색_1만명증강_기준선재수립_260907_1102_01","directory","08_실행이력_중간산출물","C:\Users\이소이\Desktop\[은평4기] AI로 끝내자! 바이브코딩으로 배우는 데이터분석 실전 과정\미니 프로젝트\깃허브 업로드용\sesac-data-analysis-mini-project\09_단계별 분석\3단계_10000건_증감_분석\호텔검색_1만명증강_기준선재수립_260907_1102_01","C:\Users\이소이\Desktop\[은평4기] AI로 끝내자! 바이브코딩으로 배우는 데이터분석 실전 과정\미니 프로젝트\깃허브 업로드용\sesac-data-analysis-mini-project\09_단계별 분석\3단계_10000건_증감_분석\08_실행이력_중간산출물\호텔검색_1만명증강_기준선재수립_260907_1102_01","9","89550","PLANNED"
"호텔검색_1만명증강_기준선재수립_260907_1110_01","directory","08_실행이력_중간산출물","C:\Users\이소이\Desktop\[은평4기] AI로 끝내자! 바이브코딩으로 배우는 데이터분석 실전 과정\미니 프로젝트\깃허브 업로드용\sesac-data-analysis-mini-project\09_단계별 분석\3단계_10000건_증감_분석\호텔검색_1만명증강_기준선재수립_260907_1110_01","C:\Users\이소이\Desktop\[은평4기] AI로 끝내자! 바이브코딩으로 배우는 데이터분석 실전 과정\미니 프로젝트\깃허브 업로드용\sesac-data-analysis-mini-project\09_단계별 분석\3단계_10000건_증감_분석\08_실행이력_중간산출물\호텔검색_1만명증강_기준선재수립_260907_1110_01","9","88037","PLANNED"
"호텔검색_1만명증강_다중시드교정_260907_1146_01","directory","08_실행이력_중간산출물","C:\Users\이소이\Desktop\[은평4기] AI로 끝내자! 바이브코딩으로 배우는 데이터분석 실전 과정\미니 프로젝트\깃허브 업로드용\sesac-data-analysis-mini-project\09_단계별 분석\3단계_10000건_증감_분석\호텔검색_1만명증강_다중시드교정_260907_1146_01","C:\Users\이소이\Desktop\[은평4기] AI로 끝내자! 바이브코딩으로 배우는 데이터분석 실전 과정\미니 프로젝트\깃허브 업로드용\sesac-data-analysis-mini-project\09_단계별 분석\3단계_10000건_증감_분석\08_실행이력_중간산출물\호텔검색_1만명증강_다중시드교정_260907_1146_01","110","191399110","PLANNED"
"호텔검색_1만명증강_생성시스템개발_260907_1122_01","directory","07_개발_테스트","C:\Users\이소이\Desktop\[은평4기] AI로 끝내자! 바이브코딩으로 배우는 데이터분석 실전 과정\미니 프로젝트\깃허브 업로드용\sesac-data-analysis-mini-project\09_단계별 분석\3단계_10000건_증감_분석\호텔검색_1만명증강_생성시스템개발_260907_1122_01","C:\Users\이소이\Desktop\[은평4기] AI로 끝내자! 바이브코딩으로 배우는 데이터분석 실전 과정\미니 프로젝트\깃허브 업로드용\sesac-data-analysis-mini-project\09_단계별 분석\3단계_10000건_증감_분석\07_개발_테스트\호텔검색_1만명증강_생성시스템개발_260907_1122_01","19","948913","PLANNED"
"호텔검색_1만명증강_생성시스템개정_260907_1239_01","directory","07_개발_테스트","C:\Users\이소이\Desktop\[은평4기] AI로 끝내자! 바이브코딩으로 배우는 데이터분석 실전 과정\미니 프로젝트\깃허브 업로드용\sesac-data-analysis-mini-project\09_단계별 분석\3단계_10000건_증감_분석\호텔검색_1만명증강_생성시스템개정_260907_1239_01","C:\Users\이소이\Desktop\[은평4기] AI로 끝내자! 바이브코딩으로 배우는 데이터분석 실전 과정\미니 프로젝트\깃허브 업로드용\sesac-data-analysis-mini-project\09_단계별 분석\3단계_10000건_증감_분석\07_개발_테스트\호텔검색_1만명증강_생성시스템개정_260907_1239_01","32","67097534","PLANNED"
"호텔검색_1만명증강_승인인터페이스수정및교정_260907_1345_01","directory","08_실행이력_중간산출물","C:\Users\이소이\Desktop\[은평4기] AI로 끝내자! 바이브코딩으로 배우는 데이터분석 실전 과정\미니 프로젝트\깃허브 업로드용\sesac-data-analysis-mini-project\09_단계별 분석\3단계_10000건_증감_분석\호텔검색_1만명증강_승인인터페이스수정및교정_260907_1345_01","C:\Users\이소이\Desktop\[은평4기] AI로 끝내자! 바이브코딩으로 배우는 데이터분석 실전 과정\미니 프로젝트\깃허브 업로드용\sesac-data-analysis-mini-project\09_단계별 분석\3단계_10000건_증감_분석\08_실행이력_중간산출물\호텔검색_1만명증강_승인인터페이스수정및교정_260907_1345_01","0",,"PLANNED"
"호텔검색_1만명증강_승인인터페이스수정및교정_260907_1351_01","directory","08_실행이력_중간산출물","C:\Users\이소이\Desktop\[은평4기] AI로 끝내자! 바이브코딩으로 배우는 데이터분석 실전 과정\미니 프로젝트\깃허브 업로드용\sesac-data-analysis-mini-project\09_단계별 분석\3단계_10000건_증감_분석\호텔검색_1만명증강_승인인터페이스수정및교정_260907_1351_01","C:\Users\이소이\Desktop\[은평4기] AI로 끝내자! 바이브코딩으로 배우는 데이터분석 실전 과정\미니 프로젝트\깃허브 업로드용\sesac-data-analysis-mini-project\09_단계별 분석\3단계_10000건_증감_분석\08_실행이력_중간산출물\호텔검색_1만명증강_승인인터페이스수정및교정_260907_1351_01","28","485943546","PLANNED"
"호텔검색_1만명증강_탐색용생성_260907_1544_01","directory","02_증강_데이터","C:\Users\이소이\Desktop\[은평4기] AI로 끝내자! 바이브코딩으로 배우는 데이터분석 실전 과정\미니 프로젝트\깃허브 업로드용\sesac-data-analysis-mini-project\09_단계별 분석\3단계_10000건_증감_분석\호텔검색_1만명증강_탐색용생성_260907_1544_01","C:\Users\이소이\Desktop\[은평4기] AI로 끝내자! 바이브코딩으로 배우는 데이터분석 실전 과정\미니 프로젝트\깃허브 업로드용\sesac-data-analysis-mini-project\09_단계별 분석\3단계_10000건_증감_분석\02_증강_데이터\호텔검색_1만명증강_탐색용생성_260907_1544_01","19","808043519","PLANNED"
"호텔검색_3단계종합보고서_260907_1645_01_내부작업","directory","04_최종_보고서","C:\Users\이소이\Desktop\[은평4기] AI로 끝내자! 바이브코딩으로 배우는 데이터분석 실전 과정\미니 프로젝트\깃허브 업로드용\sesac-data-analysis-mini-project\09_단계별 분석\3단계_10000건_증감_분석\호텔검색_3단계종합보고서_260907_1645_01_내부작업","C:\Users\이소이\Desktop\[은평4기] AI로 끝내자! 바이브코딩으로 배우는 데이터분석 실전 과정\미니 프로젝트\깃허브 업로드용\sesac-data-analysis-mini-project\09_단계별 분석\3단계_10000건_증감_분석\04_최종_보고서\내부작업\호텔검색_3단계종합보고서_260907_1645_01_내부작업","16","899639","PLANNED"
"00_authority_matrix.md","file","06_검증_QA_승인","C:\Users\이소이\Desktop\[은평4기] AI로 끝내자! 바이브코딩으로 배우는 데이터분석 실전 과정\미니 프로젝트\깃허브 업로드용\sesac-data-analysis-mini-project\09_단계별 분석\3단계_10000건_증감_분석\00_authority_matrix.md","C:\Users\이소이\Desktop\[은평4기] AI로 끝내자! 바이브코딩으로 배우는 데이터분석 실전 과정\미니 프로젝트\깃허브 업로드용\sesac-data-analysis-mini-project\09_단계별 분석\3단계_10000건_증감_분석\06_검증_QA_승인\00_authority_matrix.md","1","2409","PLANNED"
"00_conflict_register.csv","file","06_검증_QA_승인","C:\Users\이소이\Desktop\[은평4기] AI로 끝내자! 바이브코딩으로 배우는 데이터분석 실전 과정\미니 프로젝트\깃허브 업로드용\sesac-data-analysis-mini-project\09_단계별 분석\3단계_10000건_증감_분석\00_conflict_register.csv","C:\Users\이소이\Desktop\[은평4기] AI로 끝내자! 바이브코딩으로 배우는 데이터분석 실전 과정\미니 프로젝트\깃허브 업로드용\sesac-data-analysis-mini-project\09_단계별 분석\3단계_10000건_증감_분석\06_검증_QA_승인\00_conflict_register.csv","1","1679","PLANNED"
"00_gate_report.md","file","06_검증_QA_승인","C:\Users\이소이\Desktop\[은평4기] AI로 끝내자! 바이브코딩으로 배우는 데이터분석 실전 과정\미니 프로젝트\깃허브 업로드용\sesac-data-analysis-mini-project\09_단계별 분석\3단계_10000건_증감_분석\00_gate_report.md","C:\Users\이소이\Desktop\[은평4기] AI로 끝내자! 바이브코딩으로 배우는 데이터분석 실전 과정\미니 프로젝트\깃허브 업로드용\sesac-data-analysis-mini-project\09_단계별 분석\3단계_10000건_증감_분석\06_검증_QA_승인\00_gate_report.md","1","3192","PLANNED"
"00_input_inventory.csv","file","06_검증_QA_승인","C:\Users\이소이\Desktop\[은평4기] AI로 끝내자! 바이브코딩으로 배우는 데이터분석 실전 과정\미니 프로젝트\깃허브 업로드용\sesac-data-analysis-mini-project\09_단계별 분석\3단계_10000건_증감_분석\00_input_inventory.csv","C:\Users\이소이\Desktop\[은평4기] AI로 끝내자! 바이브코딩으로 배우는 데이터분석 실전 과정\미니 프로젝트\깃허브 업로드용\sesac-data-analysis-mini-project\09_단계별 분석\3단계_10000건_증감_분석\06_검증_QA_승인\00_input_inventory.csv","1","4968","PLANNED"
"00_input_inventory.json","file","06_검증_QA_승인","C:\Users\이소이\Desktop\[은평4기] AI로 끝내자! 바이브코딩으로 배우는 데이터분석 실전 과정\미니 프로젝트\깃허브 업로드용\sesac-data-analysis-mini-project\09_단계별 분석\3단계_10000건_증감_분석\00_input_inventory.json","C:\Users\이소이\Desktop\[은평4기] AI로 끝내자! 바이브코딩으로 배우는 데이터분석 실전 과정\미니 프로젝트\깃허브 업로드용\sesac-data-analysis-mini-project\09_단계별 분석\3단계_10000건_증감_분석\06_검증_QA_승인\00_input_inventory.json","1","6481","PLANNED"
"01_baseline_metrics.csv","file","03_분석_계획과_방법","C:\Users\이소이\Desktop\[은평4기] AI로 끝내자! 바이브코딩으로 배우는 데이터분석 실전 과정\미니 프로젝트\깃허브 업로드용\sesac-data-analysis-mini-project\09_단계별 분석\3단계_10000건_증감_분석\01_baseline_metrics.csv","C:\Users\이소이\Desktop\[은평4기] AI로 끝내자! 바이브코딩으로 배우는 데이터분석 실전 과정\미니 프로젝트\깃허브 업로드용\sesac-data-analysis-mini-project\09_단계별 분석\3단계_10000건_증감_분석\03_분석_계획과_방법\01_baseline_metrics.csv","1","7691","PLANNED"
"01_contract.md","file","03_분석_계획과_방법","C:\Users\이소이\Desktop\[은평4기] AI로 끝내자! 바이브코딩으로 배우는 데이터분석 실전 과정\미니 프로젝트\깃허브 업로드용\sesac-data-analysis-mini-project\09_단계별 분석\3단계_10000건_증감_분석\01_contract.md","C:\Users\이소이\Desktop\[은평4기] AI로 끝내자! 바이브코딩으로 배우는 데이터분석 실전 과정\미니 프로젝트\깃허브 업로드용\sesac-data-analysis-mini-project\09_단계별 분석\3단계_10000건_증감_분석\03_분석_계획과_방법\01_contract.md","1","7016","PLANNED"
"01_gate_report.md","file","03_분석_계획과_방법","C:\Users\이소이\Desktop\[은평4기] AI로 끝내자! 바이브코딩으로 배우는 데이터분석 실전 과정\미니 프로젝트\깃허브 업로드용\sesac-data-analysis-mini-project\09_단계별 분석\3단계_10000건_증감_분석\01_gate_report.md","C:\Users\이소이\Desktop\[은평4기] AI로 끝내자! 바이브코딩으로 배우는 데이터분석 실전 과정\미니 프로젝트\깃허브 업로드용\sesac-data-analysis-mini-project\09_단계별 분석\3단계_10000건_증감_분석\03_분석_계획과_방법\01_gate_report.md","1","4255","PLANNED"
"01_metric_dictionary.xlsx","file","03_분석_계획과_방법","C:\Users\이소이\Desktop\[은평4기] AI로 끝내자! 바이브코딩으로 배우는 데이터분석 실전 과정\미니 프로젝트\깃허브 업로드용\sesac-data-analysis-mini-project\09_단계별 분석\3단계_10000건_증감_분석\01_metric_dictionary.xlsx","C:\Users\이소이\Desktop\[은평4기] AI로 끝내자! 바이브코딩으로 배우는 데이터분석 실전 과정\미니 프로젝트\깃허브 업로드용\sesac-data-analysis-mini-project\09_단계별 분석\3단계_10000건_증감_분석\03_분석_계획과_방법\01_metric_dictionary.xlsx","1","20517","PLANNED"
"01_probability_parameters.csv","file","03_분석_계획과_방법","C:\Users\이소이\Desktop\[은평4기] AI로 끝내자! 바이브코딩으로 배우는 데이터분석 실전 과정\미니 프로젝트\깃허브 업로드용\sesac-data-analysis-mini-project\09_단계별 분석\3단계_10000건_증감_분석\01_probability_parameters.csv","C:\Users\이소이\Desktop\[은평4기] AI로 끝내자! 바이브코딩으로 배우는 데이터분석 실전 과정\미니 프로젝트\깃허브 업로드용\sesac-data-analysis-mini-project\09_단계별 분석\3단계_10000건_증감_분석\03_분석_계획과_방법\01_probability_parameters.csv","1","7117","PLANNED"
"01_recompute.sql","file","03_분석_계획과_방법","C:\Users\이소이\Desktop\[은평4기] AI로 끝내자! 바이브코딩으로 배우는 데이터분석 실전 과정\미니 프로젝트\깃허브 업로드용\sesac-data-analysis-mini-project\09_단계별 분석\3단계_10000건_증감_분석\01_recompute.sql","C:\Users\이소이\Desktop\[은평4기] AI로 끝내자! 바이브코딩으로 배우는 데이터분석 실전 과정\미니 프로젝트\깃허브 업로드용\sesac-data-analysis-mini-project\09_단계별 분석\3단계_10000건_증감_분석\03_분석_계획과_방법\01_recompute.sql","1","13135","PLANNED"
"01_segment_dictionary.json","file","03_분석_계획과_방법","C:\Users\이소이\Desktop\[은평4기] AI로 끝내자! 바이브코딩으로 배우는 데이터분석 실전 과정\미니 프로젝트\깃허브 업로드용\sesac-data-analysis-mini-project\09_단계별 분석\3단계_10000건_증감_분석\01_segment_dictionary.json","C:\Users\이소이\Desktop\[은평4기] AI로 끝내자! 바이브코딩으로 배우는 데이터분석 실전 과정\미니 프로젝트\깃허브 업로드용\sesac-data-analysis-mini-project\09_단계별 분석\3단계_10000건_증감_분석\03_분석_계획과_방법\01_segment_dictionary.json","1","3749","PLANNED"
"02_base_config.yaml","file","01_증강_계획과_방법","C:\Users\이소이\Desktop\[은평4기] AI로 끝내자! 바이브코딩으로 배우는 데이터분석 실전 과정\미니 프로젝트\깃허브 업로드용\sesac-data-analysis-mini-project\09_단계별 분석\3단계_10000건_증감_분석\02_base_config.yaml","C:\Users\이소이\Desktop\[은평4기] AI로 끝내자! 바이브코딩으로 배우는 데이터분석 실전 과정\미니 프로젝트\깃허브 업로드용\sesac-data-analysis-mini-project\09_단계별 분석\3단계_10000건_증감_분석\01_증강_계획과_방법\02_base_config.yaml","1","1523","PLANNED"
"02_base_config_prod.yaml","file","01_증강_계획과_방법","C:\Users\이소이\Desktop\[은평4기] AI로 끝내자! 바이브코딩으로 배우는 데이터분석 실전 과정\미니 프로젝트\깃허브 업로드용\sesac-data-analysis-mini-project\09_단계별 분석\3단계_10000건_증감_분석\02_base_config_prod.yaml","C:\Users\이소이\Desktop\[은평4기] AI로 끝내자! 바이브코딩으로 배우는 데이터분석 실전 과정\미니 프로젝트\깃허브 업로드용\sesac-data-analysis-mini-project\09_단계별 분석\3단계_10000건_증감_분석\01_증강_계획과_방법\02_base_config_prod.yaml","1","2106","PLANNED"
"02_base_config_prod_v02.yaml","file","01_증강_계획과_방법","C:\Users\이소이\Desktop\[은평4기] AI로 끝내자! 바이브코딩으로 배우는 데이터분석 실전 과정\미니 프로젝트\깃허브 업로드용\sesac-data-analysis-mini-project\09_단계별 분석\3단계_10000건_증감_분석\02_base_config_prod_v02.yaml","C:\Users\이소이\Desktop\[은평4기] AI로 끝내자! 바이브코딩으로 배우는 데이터분석 실전 과정\미니 프로젝트\깃허브 업로드용\sesac-data-analysis-mini-project\09_단계별 분석\3단계_10000건_증감_분석\01_증강_계획과_방법\02_base_config_prod_v02.yaml","1","2177","PLANNED"
"02_calibration_prod_v02.py","file","01_증강_계획과_방법","C:\Users\이소이\Desktop\[은평4기] AI로 끝내자! 바이브코딩으로 배우는 데이터분석 실전 과정\미니 프로젝트\깃허브 업로드용\sesac-data-analysis-mini-project\09_단계별 분석\3단계_10000건_증감_분석\02_calibration_prod_v02.py","C:\Users\이소이\Desktop\[은평4기] AI로 끝내자! 바이브코딩으로 배우는 데이터분석 실전 과정\미니 프로젝트\깃허브 업로드용\sesac-data-analysis-mini-project\09_단계별 분석\3단계_10000건_증감_분석\01_증강_계획과_방법\02_calibration_prod_v02.py","1","3548","PLANNED"
"02_clone_audit_by_seed_v01.xlsx","file","06_검증_QA_승인","C:\Users\이소이\Desktop\[은평4기] AI로 끝내자! 바이브코딩으로 배우는 데이터분석 실전 과정\미니 프로젝트\깃허브 업로드용\sesac-data-analysis-mini-project\09_단계별 분석\3단계_10000건_증감_분석\02_clone_audit_by_seed_v01.xlsx","C:\Users\이소이\Desktop\[은평4기] AI로 끝내자! 바이브코딩으로 배우는 데이터분석 실전 과정\미니 프로젝트\깃허브 업로드용\sesac-data-analysis-mini-project\09_단계별 분석\3단계_10000건_증감_분석\06_검증_QA_승인\02_clone_audit_by_seed_v01.xlsx","1","14793","PLANNED"
"02_clone_audit_report_v01.md","file","06_검증_QA_승인","C:\Users\이소이\Desktop\[은평4기] AI로 끝내자! 바이브코딩으로 배우는 데이터분석 실전 과정\미니 프로젝트\깃허브 업로드용\sesac-data-analysis-mini-project\09_단계별 분석\3단계_10000건_증감_분석\02_clone_audit_report_v01.md","C:\Users\이소이\Desktop\[은평4기] AI로 끝내자! 바이브코딩으로 배우는 데이터분석 실전 과정\미니 프로젝트\깃허브 업로드용\sesac-data-analysis-mini-project\09_단계별 분석\3단계_10000건_증감_분석\06_검증_QA_승인\02_clone_audit_report_v01.md","1","2446","PLANNED"
"02_clone_audit_results_v01.json","file","06_검증_QA_승인","C:\Users\이소이\Desktop\[은평4기] AI로 끝내자! 바이브코딩으로 배우는 데이터분석 실전 과정\미니 프로젝트\깃허브 업로드용\sesac-data-analysis-mini-project\09_단계별 분석\3단계_10000건_증감_분석\02_clone_audit_results_v01.json","C:\Users\이소이\Desktop\[은평4기] AI로 끝내자! 바이브코딩으로 배우는 데이터분석 실전 과정\미니 프로젝트\깃허브 업로드용\sesac-data-analysis-mini-project\09_단계별 분석\3단계_10000건_증감_분석\06_검증_QA_승인\02_clone_audit_results_v01.json","1","66825","PLANNED"
"02_clone_audit_v01.py","file","06_검증_QA_승인","C:\Users\이소이\Desktop\[은평4기] AI로 끝내자! 바이브코딩으로 배우는 데이터분석 실전 과정\미니 프로젝트\깃허브 업로드용\sesac-data-analysis-mini-project\09_단계별 분석\3단계_10000건_증감_분석\02_clone_audit_v01.py","C:\Users\이소이\Desktop\[은평4기] AI로 끝내자! 바이브코딩으로 배우는 데이터분석 실전 과정\미니 프로젝트\깃허브 업로드용\sesac-data-analysis-mini-project\09_단계별 분석\3단계_10000건_증감_분석\06_검증_QA_승인\02_clone_audit_v01.py","1","8949","PLANNED"
"02_clone_candidate_trace_v01.xlsx","file","06_검증_QA_승인","C:\Users\이소이\Desktop\[은평4기] AI로 끝내자! 바이브코딩으로 배우는 데이터분석 실전 과정\미니 프로젝트\깃허브 업로드용\sesac-data-analysis-mini-project\09_단계별 분석\3단계_10000건_증감_분석\02_clone_candidate_trace_v01.xlsx","C:\Users\이소이\Desktop\[은평4기] AI로 끝내자! 바이브코딩으로 배우는 데이터분석 실전 과정\미니 프로젝트\깃허브 업로드용\sesac-data-analysis-mini-project\09_단계별 분석\3단계_10000건_증감_분석\06_검증_QA_승인\02_clone_candidate_trace_v01.xlsx","1","5018","PLANNED"
"02_clone_definition_v01.md","file","06_검증_QA_승인","C:\Users\이소이\Desktop\[은평4기] AI로 끝내자! 바이브코딩으로 배우는 데이터분석 실전 과정\미니 프로젝트\깃허브 업로드용\sesac-data-analysis-mini-project\09_단계별 분석\3단계_10000건_증감_분석\02_clone_definition_v01.md","C:\Users\이소이\Desktop\[은평4기] AI로 끝내자! 바이브코딩으로 배우는 데이터분석 실전 과정\미니 프로젝트\깃허브 업로드용\sesac-data-analysis-mini-project\09_단계별 분석\3단계_10000건_증감_분석\06_검증_QA_승인\02_clone_definition_v01.md","1","2329","PLANNED"
"02_config_schema.json","file","01_증강_계획과_방법","C:\Users\이소이\Desktop\[은평4기] AI로 끝내자! 바이브코딩으로 배우는 데이터분석 실전 과정\미니 프로젝트\깃허브 업로드용\sesac-data-analysis-mini-project\09_단계별 분석\3단계_10000건_증감_분석\02_config_schema.json","C:\Users\이소이\Desktop\[은평4기] AI로 끝내자! 바이브코딩으로 배우는 데이터분석 실전 과정\미니 프로젝트\깃허브 업로드용\sesac-data-analysis-mini-project\09_단계별 분석\3단계_10000건_증감_분석\01_증강_계획과_방법\02_config_schema.json","1","4489","PLANNED"
"02_config_schema_prod.json","file","01_증강_계획과_방법","C:\Users\이소이\Desktop\[은평4기] AI로 끝내자! 바이브코딩으로 배우는 데이터분석 실전 과정\미니 프로젝트\깃허브 업로드용\sesac-data-analysis-mini-project\09_단계별 분석\3단계_10000건_증감_분석\02_config_schema_prod.json","C:\Users\이소이\Desktop\[은평4기] AI로 끝내자! 바이브코딩으로 배우는 데이터분석 실전 과정\미니 프로젝트\깃허브 업로드용\sesac-data-analysis-mini-project\09_단계별 분석\3단계_10000건_증감_분석\01_증강_계획과_방법\02_config_schema_prod.json","1","4789","PLANNED"
"02_config_schema_prod_v02.json","file","01_증강_계획과_방법","C:\Users\이소이\Desktop\[은평4기] AI로 끝내자! 바이브코딩으로 배우는 데이터분석 실전 과정\미니 프로젝트\깃허브 업로드용\sesac-data-analysis-mini-project\09_단계별 분석\3단계_10000건_증감_분석\02_config_schema_prod_v02.json","C:\Users\이소이\Desktop\[은평4기] AI로 끝내자! 바이브코딩으로 배우는 데이터분석 실전 과정\미니 프로젝트\깃허브 업로드용\sesac-data-analysis-mini-project\09_단계별 분석\3단계_10000건_증감_분석\01_증강_계획과_방법\02_config_schema_prod_v02.json","1","2644","PLANNED"
"02_data_dictionary.xlsx","file","01_증강_계획과_방법","C:\Users\이소이\Desktop\[은평4기] AI로 끝내자! 바이브코딩으로 배우는 데이터분석 실전 과정\미니 프로젝트\깃허브 업로드용\sesac-data-analysis-mini-project\09_단계별 분석\3단계_10000건_증감_분석\02_data_dictionary.xlsx","C:\Users\이소이\Desktop\[은평4기] AI로 끝내자! 바이브코딩으로 배우는 데이터분석 실전 과정\미니 프로젝트\깃허브 업로드용\sesac-data-analysis-mini-project\09_단계별 분석\3단계_10000건_증감_분석\01_증강_계획과_방법\02_data_dictionary.xlsx","1","14602","PLANNED"
"02_dryrun_200.sqlite","file","07_개발_테스트","C:\Users\이소이\Desktop\[은평4기] AI로 끝내자! 바이브코딩으로 배우는 데이터분석 실전 과정\미니 프로젝트\깃허브 업로드용\sesac-data-analysis-mini-project\09_단계별 분석\3단계_10000건_증감_분석\02_dryrun_200.sqlite","C:\Users\이소이\Desktop\[은평4기] AI로 끝내자! 바이브코딩으로 배우는 데이터분석 실전 과정\미니 프로젝트\깃허브 업로드용\sesac-data-analysis-mini-project\09_단계별 분석\3단계_10000건_증감_분석\07_개발_테스트\02_dryrun_200.sqlite","1","1056768","PLANNED"
"02_gate_report.md","file","06_검증_QA_승인","C:\Users\이소이\Desktop\[은평4기] AI로 끝내자! 바이브코딩으로 배우는 데이터분석 실전 과정\미니 프로젝트\깃허브 업로드용\sesac-data-analysis-mini-project\09_단계별 분석\3단계_10000건_증감_분석\02_gate_report.md","C:\Users\이소이\Desktop\[은평4기] AI로 끝내자! 바이브코딩으로 배우는 데이터분석 실전 과정\미니 프로젝트\깃허브 업로드용\sesac-data-analysis-mini-project\09_단계별 분석\3단계_10000건_증감_분석\06_검증_QA_승인\02_gate_report.md","1","6228","PLANNED"
"02_generator.py","file","01_증강_계획과_방법","C:\Users\이소이\Desktop\[은평4기] AI로 끝내자! 바이브코딩으로 배우는 데이터분석 실전 과정\미니 프로젝트\깃허브 업로드용\sesac-data-analysis-mini-project\09_단계별 분석\3단계_10000건_증감_분석\02_generator.py","C:\Users\이소이\Desktop\[은평4기] AI로 끝내자! 바이브코딩으로 배우는 데이터분석 실전 과정\미니 프로젝트\깃허브 업로드용\sesac-data-analysis-mini-project\09_단계별 분석\3단계_10000건_증감_분석\01_증강_계획과_방법\02_generator.py","1","26666","PLANNED"
"02_generator_prod.py","file","01_증강_계획과_방법","C:\Users\이소이\Desktop\[은평4기] AI로 끝내자! 바이브코딩으로 배우는 데이터분석 실전 과정\미니 프로젝트\깃허브 업로드용\sesac-data-analysis-mini-project\09_단계별 분석\3단계_10000건_증감_분석\02_generator_prod.py","C:\Users\이소이\Desktop\[은평4기] AI로 끝내자! 바이브코딩으로 배우는 데이터분석 실전 과정\미니 프로젝트\깃허브 업로드용\sesac-data-analysis-mini-project\09_단계별 분석\3단계_10000건_증감_분석\01_증강_계획과_방법\02_generator_prod.py","1","13143","PLANNED"
"02_generator_prod_v02.py","file","01_증강_계획과_방법","C:\Users\이소이\Desktop\[은평4기] AI로 끝내자! 바이브코딩으로 배우는 데이터분석 실전 과정\미니 프로젝트\깃허브 업로드용\sesac-data-analysis-mini-project\09_단계별 분석\3단계_10000건_증감_분석\02_generator_prod_v02.py","C:\Users\이소이\Desktop\[은평4기] AI로 끝내자! 바이브코딩으로 배우는 데이터분석 실전 과정\미니 프로젝트\깃허브 업로드용\sesac-data-analysis-mini-project\09_단계별 분석\3단계_10000건_증감_분석\01_증강_계획과_방법\02_generator_prod_v02.py","1","9834","PLANNED"
"02_prod_approval_manifest.json","file","06_검증_QA_승인","C:\Users\이소이\Desktop\[은평4기] AI로 끝내자! 바이브코딩으로 배우는 데이터분석 실전 과정\미니 프로젝트\깃허브 업로드용\sesac-data-analysis-mini-project\09_단계별 분석\3단계_10000건_증감_분석\02_prod_approval_manifest.json","C:\Users\이소이\Desktop\[은평4기] AI로 끝내자! 바이브코딩으로 배우는 데이터분석 실전 과정\미니 프로젝트\깃허브 업로드용\sesac-data-analysis-mini-project\09_단계별 분석\3단계_10000건_증감_분석\06_검증_QA_승인\02_prod_approval_manifest.json","1","2137","PLANNED"
"02_prod_readiness_report.md","file","06_검증_QA_승인","C:\Users\이소이\Desktop\[은평4기] AI로 끝내자! 바이브코딩으로 배우는 데이터분석 실전 과정\미니 프로젝트\깃허브 업로드용\sesac-data-analysis-mini-project\09_단계별 분석\3단계_10000건_증감_분석\02_prod_readiness_report.md","C:\Users\이소이\Desktop\[은평4기] AI로 끝내자! 바이브코딩으로 배우는 데이터분석 실전 과정\미니 프로젝트\깃허브 업로드용\sesac-data-analysis-mini-project\09_단계별 분석\3단계_10000건_증감_분석\06_검증_QA_승인\02_prod_readiness_report.md","1","4385","PLANNED"
"02_prod_v02_approval_manifest.json","file","06_검증_QA_승인","C:\Users\이소이\Desktop\[은평4기] AI로 끝내자! 바이브코딩으로 배우는 데이터분석 실전 과정\미니 프로젝트\깃허브 업로드용\sesac-data-analysis-mini-project\09_단계별 분석\3단계_10000건_증감_분석\02_prod_v02_approval_manifest.json","C:\Users\이소이\Desktop\[은평4기] AI로 끝내자! 바이브코딩으로 배우는 데이터분석 실전 과정\미니 프로젝트\깃허브 업로드용\sesac-data-analysis-mini-project\09_단계별 분석\3단계_10000건_증감_분석\06_검증_QA_승인\02_prod_v02_approval_manifest.json","1","2546","PLANNED"
"02_prod_v02_calibration_results.xlsx","file","06_검증_QA_승인","C:\Users\이소이\Desktop\[은평4기] AI로 끝내자! 바이브코딩으로 배우는 데이터분석 실전 과정\미니 프로젝트\깃허브 업로드용\sesac-data-analysis-mini-project\09_단계별 분석\3단계_10000건_증감_분석\02_prod_v02_calibration_results.xlsx","C:\Users\이소이\Desktop\[은평4기] AI로 끝내자! 바이브코딩으로 배우는 데이터분석 실전 과정\미니 프로젝트\깃허브 업로드용\sesac-data-analysis-mini-project\09_단계별 분석\3단계_10000건_증감_분석\06_검증_QA_승인\02_prod_v02_calibration_results.xlsx","1","10042","PLANNED"
"02_prod_v02_readiness_report.md","file","06_검증_QA_승인","C:\Users\이소이\Desktop\[은평4기] AI로 끝내자! 바이브코딩으로 배우는 데이터분석 실전 과정\미니 프로젝트\깃허브 업로드용\sesac-data-analysis-mini-project\09_단계별 분석\3단계_10000건_증감_분석\02_prod_v02_readiness_report.md","C:\Users\이소이\Desktop\[은평4기] AI로 끝내자! 바이브코딩으로 배우는 데이터분석 실전 과정\미니 프로젝트\깃허브 업로드용\sesac-data-analysis-mini-project\09_단계별 분석\3단계_10000건_증감_분석\06_검증_QA_승인\02_prod_v02_readiness_report.md","1","2931","PLANNED"
"02_prod_v02_rebased_approval_manifest.json","file","06_검증_QA_승인","C:\Users\이소이\Desktop\[은평4기] AI로 끝내자! 바이브코딩으로 배우는 데이터분석 실전 과정\미니 프로젝트\깃허브 업로드용\sesac-data-analysis-mini-project\09_단계별 분석\3단계_10000건_증감_분석\02_prod_v02_rebased_approval_manifest.json","C:\Users\이소이\Desktop\[은평4기] AI로 끝내자! 바이브코딩으로 배우는 데이터분석 실전 과정\미니 프로젝트\깃허브 업로드용\sesac-data-analysis-mini-project\09_단계별 분석\3단계_10000건_증감_분석\06_검증_QA_승인\02_prod_v02_rebased_approval_manifest.json","1","1139","PLANNED"
"02_prod_v02_supplemental_approval_manifest.json","file","06_검증_QA_승인","C:\Users\이소이\Desktop\[은평4기] AI로 끝내자! 바이브코딩으로 배우는 데이터분석 실전 과정\미니 프로젝트\깃허브 업로드용\sesac-data-analysis-mini-project\09_단계별 분석\3단계_10000건_증감_분석\02_prod_v02_supplemental_approval_manifest.json","C:\Users\이소이\Desktop\[은평4기] AI로 끝내자! 바이브코딩으로 배우는 데이터분석 실전 과정\미니 프로젝트\깃허브 업로드용\sesac-data-analysis-mini-project\09_단계별 분석\3단계_10000건_증감_분석\06_검증_QA_승인\02_prod_v02_supplemental_approval_manifest.json","1","3549","PLANNED"
"02_reference1000_equivalence_audit_v01.py","file","06_검증_QA_승인","C:\Users\이소이\Desktop\[은평4기] AI로 끝내자! 바이브코딩으로 배우는 데이터분석 실전 과정\미니 프로젝트\깃허브 업로드용\sesac-data-analysis-mini-project\09_단계별 분석\3단계_10000건_증감_분석\02_reference1000_equivalence_audit_v01.py","C:\Users\이소이\Desktop\[은평4기] AI로 끝내자! 바이브코딩으로 배우는 데이터분석 실전 과정\미니 프로젝트\깃허브 업로드용\sesac-data-analysis-mini-project\09_단계별 분석\3단계_10000건_증감_분석\06_검증_QA_승인\02_reference1000_equivalence_audit_v01.py","1","10447","PLANNED"
"02_reference1000_equivalence_report_v01.md","file","06_검증_QA_승인","C:\Users\이소이\Desktop\[은평4기] AI로 끝내자! 바이브코딩으로 배우는 데이터분석 실전 과정\미니 프로젝트\깃허브 업로드용\sesac-data-analysis-mini-project\09_단계별 분석\3단계_10000건_증감_분석\02_reference1000_equivalence_report_v01.md","C:\Users\이소이\Desktop\[은평4기] AI로 끝내자! 바이브코딩으로 배우는 데이터분석 실전 과정\미니 프로젝트\깃허브 업로드용\sesac-data-analysis-mini-project\09_단계별 분석\3단계_10000건_증감_분석\06_검증_QA_승인\02_reference1000_equivalence_report_v01.md","1","4011","PLANNED"
"02_reference1000_equivalence_report_v01.xlsx","file","06_검증_QA_승인","C:\Users\이소이\Desktop\[은평4기] AI로 끝내자! 바이브코딩으로 배우는 데이터분석 실전 과정\미니 프로젝트\깃허브 업로드용\sesac-data-analysis-mini-project\09_단계별 분석\3단계_10000건_증감_분석\02_reference1000_equivalence_report_v01.xlsx","C:\Users\이소이\Desktop\[은평4기] AI로 끝내자! 바이브코딩으로 배우는 데이터분석 실전 과정\미니 프로젝트\깃허브 업로드용\sesac-data-analysis-mini-project\09_단계별 분석\3단계_10000건_증감_분석\06_검증_QA_승인\02_reference1000_equivalence_report_v01.xlsx","1","10614","PLANNED"
"02_reference1000_equivalence_results_v01.json","file","06_검증_QA_승인","C:\Users\이소이\Desktop\[은평4기] AI로 끝내자! 바이브코딩으로 배우는 데이터분석 실전 과정\미니 프로젝트\깃허브 업로드용\sesac-data-analysis-mini-project\09_단계별 분석\3단계_10000건_증감_분석\02_reference1000_equivalence_results_v01.json","C:\Users\이소이\Desktop\[은평4기] AI로 끝내자! 바이브코딩으로 배우는 데이터분석 실전 과정\미니 프로젝트\깃허브 업로드용\sesac-data-analysis-mini-project\09_단계별 분석\3단계_10000건_증감_분석\06_검증_QA_승인\02_reference1000_equivalence_results_v01.json","1","84886","PLANNED"
"02_reference1000_optimized_manifest.json","file","06_검증_QA_승인","C:\Users\이소이\Desktop\[은평4기] AI로 끝내자! 바이브코딩으로 배우는 데이터분석 실전 과정\미니 프로젝트\깃허브 업로드용\sesac-data-analysis-mini-project\09_단계별 분석\3단계_10000건_증감_분석\02_reference1000_optimized_manifest.json","C:\Users\이소이\Desktop\[은평4기] AI로 끝내자! 바이브코딩으로 배우는 데이터분석 실전 과정\미니 프로젝트\깃허브 업로드용\sesac-data-analysis-mini-project\09_단계별 분석\3단계_10000건_증감_분석\06_검증_QA_승인\02_reference1000_optimized_manifest.json","1","2675","PLANNED"
"02_reference1000_schema_diff_v01.xlsx","file","06_검증_QA_승인","C:\Users\이소이\Desktop\[은평4기] AI로 끝내자! 바이브코딩으로 배우는 데이터분석 실전 과정\미니 프로젝트\깃허브 업로드용\sesac-data-analysis-mini-project\09_단계별 분석\3단계_10000건_증감_분석\02_reference1000_schema_diff_v01.xlsx","C:\Users\이소이\Desktop\[은평4기] AI로 끝내자! 바이브코딩으로 배우는 데이터분석 실전 과정\미니 프로젝트\깃허브 업로드용\sesac-data-analysis-mini-project\09_단계별 분석\3단계_10000건_증감_분석\06_검증_QA_승인\02_reference1000_schema_diff_v01.xlsx","1","11785","PLANNED"
"02_reference1000_text_null_audit_v01.xlsx","file","06_검증_QA_승인","C:\Users\이소이\Desktop\[은평4기] AI로 끝내자! 바이브코딩으로 배우는 데이터분석 실전 과정\미니 프로젝트\깃허브 업로드용\sesac-data-analysis-mini-project\09_단계별 분석\3단계_10000건_증감_분석\02_reference1000_text_null_audit_v01.xlsx","C:\Users\이소이\Desktop\[은평4기] AI로 끝내자! 바이브코딩으로 배우는 데이터분석 실전 과정\미니 프로젝트\깃허브 업로드용\sesac-data-analysis-mini-project\09_단계별 분석\3단계_10000건_증감_분석\06_검증_QA_승인\02_reference1000_text_null_audit_v01.xlsx","1","14108","PLANNED"
"02_schema.sql","file","01_증강_계획과_방법","C:\Users\이소이\Desktop\[은평4기] AI로 끝내자! 바이브코딩으로 배우는 데이터분석 실전 과정\미니 프로젝트\깃허브 업로드용\sesac-data-analysis-mini-project\09_단계별 분석\3단계_10000건_증감_분석\02_schema.sql","C:\Users\이소이\Desktop\[은평4기] AI로 끝내자! 바이브코딩으로 배우는 데이터분석 실전 과정\미니 프로젝트\깃허브 업로드용\sesac-data-analysis-mini-project\09_단계별 분석\3단계_10000건_증감_분석\01_증강_계획과_방법\02_schema.sql","1","4912","PLANNED"
"02_schema_prod.sql","file","01_증강_계획과_방법","C:\Users\이소이\Desktop\[은평4기] AI로 끝내자! 바이브코딩으로 배우는 데이터분석 실전 과정\미니 프로젝트\깃허브 업로드용\sesac-data-analysis-mini-project\09_단계별 분석\3단계_10000건_증감_분석\02_schema_prod.sql","C:\Users\이소이\Desktop\[은평4기] AI로 끝내자! 바이브코딩으로 배우는 데이터분석 실전 과정\미니 프로젝트\깃허브 업로드용\sesac-data-analysis-mini-project\09_단계별 분석\3단계_10000건_증감_분석\01_증강_계획과_방법\02_schema_prod.sql","1","6876","PLANNED"
"02_schema_prod_v02.sql","file","01_증강_계획과_방법","C:\Users\이소이\Desktop\[은평4기] AI로 끝내자! 바이브코딩으로 배우는 데이터분석 실전 과정\미니 프로젝트\깃허브 업로드용\sesac-data-analysis-mini-project\09_단계별 분석\3단계_10000건_증감_분석\02_schema_prod_v02.sql","C:\Users\이소이\Desktop\[은평4기] AI로 끝내자! 바이브코딩으로 배우는 데이터분석 실전 과정\미니 프로젝트\깃허브 업로드용\sesac-data-analysis-mini-project\09_단계별 분석\3단계_10000건_증감_분석\01_증강_계획과_방법\02_schema_prod_v02.sql","1","3407","PLANNED"
"02_step26_s_gate_report.md","file","06_검증_QA_승인","C:\Users\이소이\Desktop\[은평4기] AI로 끝내자! 바이브코딩으로 배우는 데이터분석 실전 과정\미니 프로젝트\깃허브 업로드용\sesac-data-analysis-mini-project\09_단계별 분석\3단계_10000건_증감_분석\02_step26_s_gate_report.md","C:\Users\이소이\Desktop\[은평4기] AI로 끝내자! 바이브코딩으로 배우는 데이터분석 실전 과정\미니 프로젝트\깃허브 업로드용\sesac-data-analysis-mini-project\09_단계별 분석\3단계_10000건_증감_분석\06_검증_QA_승인\02_step26_s_gate_report.md","1","805","PLANNED"
"02_step27_gate_report.md","file","06_검증_QA_승인","C:\Users\이소이\Desktop\[은평4기] AI로 끝내자! 바이브코딩으로 배우는 데이터분석 실전 과정\미니 프로젝트\깃허브 업로드용\sesac-data-analysis-mini-project\09_단계별 분석\3단계_10000건_증감_분석\02_step27_gate_report.md","C:\Users\이소이\Desktop\[은평4기] AI로 끝내자! 바이브코딩으로 배우는 데이터분석 실전 과정\미니 프로젝트\깃허브 업로드용\sesac-data-analysis-mini-project\09_단계별 분석\3단계_10000건_증감_분석\06_검증_QA_승인\02_step27_gate_report.md","1","2071","PLANNED"
"BI시각화_32-34일차_2팀실습_ASIS-TOBE_세그먼트AB재설계_20260905_v02_클린제출본.docx","file","03_분석_계획과_방법","C:\Users\이소이\Desktop\[은평4기] AI로 끝내자! 바이브코딩으로 배우는 데이터분석 실전 과정\미니 프로젝트\깃허브 업로드용\sesac-data-analysis-mini-project\09_단계별 분석\3단계_10000건_증감_분석\BI시각화_32-34일차_2팀실습_ASIS-TOBE_세그먼트AB재설계_20260905_v02_클린제출본.docx","C:\Users\이소이\Desktop\[은평4기] AI로 끝내자! 바이브코딩으로 배우는 데이터분석 실전 과정\미니 프로젝트\깃허브 업로드용\sesac-data-analysis-mini-project\09_단계별 분석\3단계_10000건_증감_분석\03_분석_계획과_방법\BI시각화_32-34일차_2팀실습_ASIS-TOBE_세그먼트AB재설계_20260905_v02_클린제출본.docx","1","49384","PLANNED"
"BI시각화_32-34일차_TO-BE_슬랙공유_브리핑_20260905_v02_클린제출본.docx","file","05_권위자료_원본입력","C:\Users\이소이\Desktop\[은평4기] AI로 끝내자! 바이브코딩으로 배우는 데이터분석 실전 과정\미니 프로젝트\깃허브 업로드용\sesac-data-analysis-mini-project\09_단계별 분석\3단계_10000건_증감_분석\BI시각화_32-34일차_TO-BE_슬랙공유_브리핑_20260905_v02_클린제출본.docx","C:\Users\이소이\Desktop\[은평4기] AI로 끝내자! 바이브코딩으로 배우는 데이터분석 실전 과정\미니 프로젝트\깃허브 업로드용\sesac-data-analysis-mini-project\09_단계별 분석\3단계_10000건_증감_분석\05_권위자료_원본입력\BI시각화_32-34일차_TO-BE_슬랙공유_브리핑_20260905_v02_클린제출본.docx","1","39383","PLANNED"
"BI시각화_33일차_2팀프로젝트실습_해답_20260905_v04_클린제출본_[TO-BE].docx","file","05_권위자료_원본입력","C:\Users\이소이\Desktop\[은평4기] AI로 끝내자! 바이브코딩으로 배우는 데이터분석 실전 과정\미니 프로젝트\깃허브 업로드용\sesac-data-analysis-mini-project\09_단계별 분석\3단계_10000건_증감_분석\BI시각화_33일차_2팀프로젝트실습_해답_20260905_v04_클린제출본_[TO-BE].docx","C:\Users\이소이\Desktop\[은평4기] AI로 끝내자! 바이브코딩으로 배우는 데이터분석 실전 과정\미니 프로젝트\깃허브 업로드용\sesac-data-analysis-mini-project\09_단계별 분석\3단계_10000건_증감_분석\05_권위자료_원본입력\BI시각화_33일차_2팀프로젝트실습_해답_20260905_v04_클린제출본_[TO-BE].docx","1","49280","PLANNED"
"BI시각화_34일차_2팀_TO-BE실행안_교수판단회신_260904_1803_01.docx","file","05_권위자료_원본입력","C:\Users\이소이\Desktop\[은평4기] AI로 끝내자! 바이브코딩으로 배우는 데이터분석 실전 과정\미니 프로젝트\깃허브 업로드용\sesac-data-analysis-mini-project\09_단계별 분석\3단계_10000건_증감_분석\BI시각화_34일차_2팀_TO-BE실행안_교수판단회신_260904_1803_01.docx","C:\Users\이소이\Desktop\[은평4기] AI로 끝내자! 바이브코딩으로 배우는 데이터분석 실전 과정\미니 프로젝트\깃허브 업로드용\sesac-data-analysis-mini-project\09_단계별 분석\3단계_10000건_증감_분석\05_권위자료_원본입력\BI시각화_34일차_2팀_TO-BE실행안_교수판단회신_260904_1803_01.docx","1","9665","PLANNED"
"BI시각화_34일차_2팀프로젝트실습_해답_20260905_v02_클린제출본_[TO-BE].docx","file","05_권위자료_원본입력","C:\Users\이소이\Desktop\[은평4기] AI로 끝내자! 바이브코딩으로 배우는 데이터분석 실전 과정\미니 프로젝트\깃허브 업로드용\sesac-data-analysis-mini-project\09_단계별 분석\3단계_10000건_증감_분석\BI시각화_34일차_2팀프로젝트실습_해답_20260905_v02_클린제출본_[TO-BE].docx","C:\Users\이소이\Desktop\[은평4기] AI로 끝내자! 바이브코딩으로 배우는 데이터분석 실전 과정\미니 프로젝트\깃허브 업로드용\sesac-data-analysis-mini-project\09_단계별 분석\3단계_10000건_증감_분석\05_권위자료_원본입력\BI시각화_34일차_2팀프로젝트실습_해답_20260905_v02_클린제출본_[TO-BE].docx","1","56474","PLANNED"
"travel_data_filtered_complete_2026-09-03_v03_비식별.sqlite","file","05_권위자료_원본입력","C:\Users\이소이\Desktop\[은평4기] AI로 끝내자! 바이브코딩으로 배우는 데이터분석 실전 과정\미니 프로젝트\깃허브 업로드용\sesac-data-analysis-mini-project\09_단계별 분석\3단계_10000건_증감_분석\travel_data_filtered_complete_2026-09-03_v03_비식별.sqlite","C:\Users\이소이\Desktop\[은평4기] AI로 끝내자! 바이브코딩으로 배우는 데이터분석 실전 과정\미니 프로젝트\깃허브 업로드용\sesac-data-analysis-mini-project\09_단계별 분석\3단계_10000건_증감_분석\05_권위자료_원본입력\travel_data_filtered_complete_2026-09-03_v03_비식별.sqlite","1","6447104","PLANNED"
"호텔검색_1000명_10000명_세그먼트AB시뮬레이션_증강계획서_20260905_v02_클린제출본.docx","file","01_증강_계획과_방법","C:\Users\이소이\Desktop\[은평4기] AI로 끝내자! 바이브코딩으로 배우는 데이터분석 실전 과정\미니 프로젝트\깃허브 업로드용\sesac-data-analysis-mini-project\09_단계별 분석\3단계_10000건_증감_분석\호텔검색_1000명_10000명_세그먼트AB시뮬레이션_증강계획서_20260905_v02_클린제출본.docx","C:\Users\이소이\Desktop\[은평4기] AI로 끝내자! 바이브코딩으로 배우는 데이터분석 실전 과정\미니 프로젝트\깃허브 업로드용\sesac-data-analysis-mini-project\09_단계별 분석\3단계_10000건_증감_분석\01_증강_계획과_방법\호텔검색_1000명_10000명_세그먼트AB시뮬레이션_증강계획서_20260905_v02_클린제출본.docx","1","52711","PLANNED"
"호텔검색_1만명증강_테스트결과_260907_1418_03.json","file","06_검증_QA_승인","C:\Users\이소이\Desktop\[은평4기] AI로 끝내자! 바이브코딩으로 배우는 데이터분석 실전 과정\미니 프로젝트\깃허브 업로드용\sesac-data-analysis-mini-project\09_단계별 분석\3단계_10000건_증감_분석\호텔검색_1만명증강_테스트결과_260907_1418_03.json","C:\Users\이소이\Desktop\[은평4기] AI로 끝내자! 바이브코딩으로 배우는 데이터분석 실전 과정\미니 프로젝트\깃허브 업로드용\sesac-data-analysis-mini-project\09_단계별 분석\3단계_10000건_증감_분석\06_검증_QA_승인\호텔검색_1만명증강_테스트결과_260907_1418_03.json","1","915","PLANNED"
"호텔검색_1만명증강_품질판정보고서_260907_1418_03.md","file","06_검증_QA_승인","C:\Users\이소이\Desktop\[은평4기] AI로 끝내자! 바이브코딩으로 배우는 데이터분석 실전 과정\미니 프로젝트\깃허브 업로드용\sesac-data-analysis-mini-project\09_단계별 분석\3단계_10000건_증감_분석\호텔검색_1만명증강_품질판정보고서_260907_1418_03.md","C:\Users\이소이\Desktop\[은평4기] AI로 끝내자! 바이브코딩으로 배우는 데이터분석 실전 과정\미니 프로젝트\깃허브 업로드용\sesac-data-analysis-mini-project\09_단계별 분석\3단계_10000건_증감_분석\06_검증_QA_승인\호텔검색_1만명증강_품질판정보고서_260907_1418_03.md","1","4572","PLANNED"
"호텔검색_32일차_2팀_실행체크리스트_20260905_v04_클린제출본_[TO-BE].docx","file","05_권위자료_원본입력","C:\Users\이소이\Desktop\[은평4기] AI로 끝내자! 바이브코딩으로 배우는 데이터분석 실전 과정\미니 프로젝트\깃허브 업로드용\sesac-data-analysis-mini-project\09_단계별 분석\3단계_10000건_증감_분석\호텔검색_32일차_2팀_실행체크리스트_20260905_v04_클린제출본_[TO-BE].docx","C:\Users\이소이\Desktop\[은평4기] AI로 끝내자! 바이브코딩으로 배우는 데이터분석 실전 과정\미니 프로젝트\깃허브 업로드용\sesac-data-analysis-mini-project\09_단계별 분석\3단계_10000건_증감_분석\05_권위자료_원본입력\호텔검색_32일차_2팀_실행체크리스트_20260905_v04_클린제출본_[TO-BE].docx","1","48004","PLANNED"
"호텔검색_3단계증강및AB분석종합보고서_260907_1645_02.docx","file","04_최종_보고서","C:\Users\이소이\Desktop\[은평4기] AI로 끝내자! 바이브코딩으로 배우는 데이터분석 실전 과정\미니 프로젝트\깃허브 업로드용\sesac-data-analysis-mini-project\09_단계별 분석\3단계_10000건_증감_분석\호텔검색_3단계증강및AB분석종합보고서_260907_1645_02.docx","C:\Users\이소이\Desktop\[은평4기] AI로 끝내자! 바이브코딩으로 배우는 데이터분석 실전 과정\미니 프로젝트\깃허브 업로드용\sesac-data-analysis-mini-project\09_단계별 분석\3단계_10000건_증감_분석\04_최종_보고서\이전버전\호텔검색_3단계증강및AB분석종합보고서_260907_1645_02.docx","1","300591","PLANNED"
"호텔검색_3단계증강및AB분석종합보고서_260907_1710_01.docx","file","04_최종_보고서","C:\Users\이소이\Desktop\[은평4기] AI로 끝내자! 바이브코딩으로 배우는 데이터분석 실전 과정\미니 프로젝트\깃허브 업로드용\sesac-data-analysis-mini-project\09_단계별 분석\3단계_10000건_증감_분석\호텔검색_3단계증강및AB분석종합보고서_260907_1710_01.docx","C:\Users\이소이\Desktop\[은평4기] AI로 끝내자! 바이브코딩으로 배우는 데이터분석 실전 과정\미니 프로젝트\깃허브 업로드용\sesac-data-analysis-mini-project\09_단계별 분석\3단계_10000건_증감_분석\04_최종_보고서\이전버전\호텔검색_3단계증강및AB분석종합보고서_260907_1710_01.docx","1","304342","PLANNED"
"호텔검색_3단계증강및AB분석종합보고서_260907_1720_01.docx","file","04_최종_보고서","C:\Users\이소이\Desktop\[은평4기] AI로 끝내자! 바이브코딩으로 배우는 데이터분석 실전 과정\미니 프로젝트\깃허브 업로드용\sesac-data-analysis-mini-project\09_단계별 분석\3단계_10000건_증감_분석\호텔검색_3단계증강및AB분석종합보고서_260907_1720_01.docx","C:\Users\이소이\Desktop\[은평4기] AI로 끝내자! 바이브코딩으로 배우는 데이터분석 실전 과정\미니 프로젝트\깃허브 업로드용\sesac-data-analysis-mini-project\09_단계별 분석\3단계_10000건_증감_분석\04_최종_보고서\현재본\호텔검색_3단계증강및AB분석종합보고서_260907_1720_01.docx","1","306038","PLANNED"
