search_id,session_id,impression_count,click_count,detail_count,first_event_at,last_event_at,has_impression,has_click,has_detail
Q1pfyOcPu8,Sb8HrR5rXR,30,6,6,2026-08-31 19:43:27,2026-08-31 19:44:11,True,True,True
QuiL0Coq14,Sb8HrR5rXR,35,0,0,2026-08-31 19:43:19,2026-08-31 19:43:19,True,False,False
QeRkwNN3Mk,Sb8HrR5rXR,200,0,0,2026-08-31 19:43:12,2026-08-31 19:43:12,True,False,False
Q333t6naRT,Sb8HrR5rXR,18,6,6,2026-08-31 19:41:27,2026-08-31 19:42:07,True,True,True
QdPLnzMcro,Sb8HrR5rXR,200,0,0,2026-08-31 19:41:14,2026-08-31 19:41:14,True,False,False
Q0CqLhuf7C,Sb8HrR5rXR,200,0,0,2026-08-31 19:41:02,2026-08-31 19:41:02,True,False,False
QDX2vny39Z,Sb8HrR5rXR,5,0,0,2026-08-31 19:40:57,2026-08-31 19:40:57,True,False,False
QN1X76RVBO,Sb8HrR5rXR,0,0,0,2026-08-31 19:40:49,2026-08-31 19:40:49,False,False,False
QX121uaX47,Sb8HrR5rXR,0,0,0,2026-08-31 19:40:44,2026-08-31 19:40:44,False,False,False
QZ0FLsEEjB,Sb8HrR5rXR,0,0,0,2026-08-31 19:40:36,2026-08-31 19:40:36,False,False,False
QYMZRtxiN1,Sb8HrR5rXR,0,0,0,2026-08-31 19:40:31,2026-08-31 19:40:31,False,False,False
Q3Hfff0KOt,Sb8HrR5rXR,0,0,0,2026-08-31 19:40:12,2026-08-31 19:40:12,False,False,False
QefYYCEICl,Sb8HrR5rXR,0,0,0,2026-08-31 19:39:57,2026-08-31 19:39:57,False,False,False
QXGIMCtkhO,Sb8HrR5rXR,0,0,0,2026-08-31 19:39:50,2026-08-31 19:39:50,False,False,False
Qiwm8UtB3w,Sb8HrR5rXR,0,0,0,2026-08-31 19:39:44,2026-08-31 19:39:44,False,False,False
QAQw9jvcsH,Sb8HrR5rXR,0,0,0,2026-08-31 19:39:33,2026-08-31 19:39:33,False,False,False
Qj5hOg14KD,Sb8HrR5rXR,1000,0,0,2026-08-31 19:38:28,2026-08-31 19:38:28,True,False,False
QG3wnGoEio,SgAP23vVo4,20,6,6,2026-08-31 17:00:27,2026-08-31 17:01:56,True,True,True
QyjT2lTKiZ,SgAP23vVo4,10,0,0,2026-08-31 17:00:12,2026-08-31 17:00:12,True,False,False
QwpBL0B7xv,SKBbfdVhKm,3,24,24,2026-08-31 17:00:10,2026-08-31 17:00:34,True,True,True
Q6XsVH2R7b,SKBbfdVhKm,0,0,0,2026-08-31 17:00:04,2026-08-31 17:00:04,False,False,False
Q5Dnb16eDZ,Sm4PrN7cyf,1000,0,0,2026-08-31 16:59:57,2026-08-31 16:59:57,True,False,False
Q1DYroXNJw,SKBbfdVhKm,20,0,0,2026-08-31 16:59:53,2026-08-31 16:59:53,True,False,False
QquEimEOU8,SnFKQiJIuv,201,2,2,2026-08-31 11:46:42,2026-08-31 11:47:19,True,True,True
QGrCdiIQAv,SS5aKl3Qjq,200,2,2,2026-08-31 10:30:20,2026-08-31 10:31:14,True,True,True
Qt5N1QrO1F,SS5aKl3Qjq,20,4,4,2026-08-31 10:28:55,2026-08-31 10:29:52,True,True,True
QwSVJLo6n3,SS5aKl3Qjq,201,0,0,2026-08-31 10:27:50,2026-08-31 10:27:50,True,False,False
Qx444Zmlxf,S6XYxxvSwO,116,0,0,2026-08-31 10:14:53,2026-08-31 10:14:53,True,False,False
QoFm0DeKO2,S6XYxxvSwO,0,0,0,2026-08-31 10:14:41,2026-08-31 10:14:41,False,False,False
QpbPzLGpbQ,S6XYxxvSwO,0,0,0,2026-08-31 10:14:28,2026-08-31 10:14:28,False,False,False
QKV74qmXN4,S6XYxxvSwO,0,0,0,2026-08-31 10:14:23,2026-08-31 10:14:23,False,False,False
QuWhrCRuRZ,S6XYxxvSwO,0,0,0,2026-08-31 10:13:42,2026-08-31 10:13:42,False,False,False
Q18KTaGj8e,S4mkEfF6zW,42,4,4,2026-08-31 09:55:25,2026-08-31 09:56:13,True,True,True
Q9NAGk8lOS,S4mkEfF6zW,200,0,0,2026-08-31 09:54:59,2026-08-31 09:54:59,True,False,False
QcvPBwoECR,Sjlhv5qbkW,2,0,0,2026-08-30 23:58:26,2026-08-30 23:58:26,True,False,False
QHiWt5hbZX,Sjlhv5qbkW,2,10,10,2026-08-30 23:58:26,2026-08-30 23:59:14,True,True,True
QcBd8Dn3Iq,Sjlhv5qbkW,0,0,0,2026-08-30 23:58:22,2026-08-30 23:58:22,False,False,False
QZAYOIWt5J,Sjlhv5qbkW,0,0,0,2026-08-30 23:57:24,2026-08-30 23:57:24,False,False,False
QqIN8jULWE,Sjlhv5qbkW,0,0,0,2026-08-30 23:57:24,2026-08-30 23:57:24,False,False,False
QSCxutafBO,SWhGA47bqi,0,0,0,2026-08-30 19:36:06,2026-08-30 19:36:06,False,False,False
Qkr9D9yZ1F,SWhGA47bqi,0,0,0,2026-08-30 19:36:01,2026-08-30 19:36:01,False,False,False
QvMl8p2z9A,SWhGA47bqi,0,0,0,2026-08-30 19:35:56,2026-08-30 19:35:56,False,False,False
QQy7zgkxJY,SWhGA47bqi,0,0,0,2026-08-30 19:35:49,2026-08-30 19:35:49,False,False,False
QgA14vqfSP,SWhGA47bqi,0,0,0,2026-08-30 19:35:28,2026-08-30 19:35:28,False,False,False
QrJ738MBMH,SWhGA47bqi,0,0,0,2026-08-30 19:35:18,2026-08-30 19:35:18,False,False,False
Qe3uY6H1Ix,SWhGA47bqi,20,0,0,2026-08-30 19:34:10,2026-08-30 19:34:10,True,False,False
QOL6MOrUPe,SVxCzLOlfQ,2,0,0,2026-08-30 16:00:00,2026-08-30 16:00:00,True,False,False
Q3lldU1XCw,SVxCzLOlfQ,2,0,0,2026-08-30 15:59:53,2026-08-30 15:59:53,True,False,False
QIO26lhj6N,SVxCzLOlfQ,0,0,0,2026-08-30 15:59:34,2026-08-30 15:59:34,False,False,False
QCpqajkxl2,SVxCzLOlfQ,0,0,0,2026-08-30 15:59:22,2026-08-30 15:59:22,False,False,False
QD8mraWVi4,SVxCzLOlfQ,20,0,0,2026-08-30 15:57:56,2026-08-30 15:57:56,True,False,False
QwcHLdY10x,S3kO8XxiWO,5,7,7,2026-08-30 08:29:17,2026-08-30 08:30:41,True,True,True
Qwa7ToFcYm,S3kO8XxiWO,200,0,0,2026-08-30 08:28:49,2026-08-30 08:28:49,True,False,False
Q8AHm6zzeG,S3kO8XxiWO,200,0,0,2026-08-30 08:28:29,2026-08-30 08:28:29,True,False,False
Q6k4EdqUNa,S3kO8XxiWO,0,0,0,2026-08-30 08:28:23,2026-08-30 08:28:23,False,False,False
QOVqoD2Qm8,S3kO8XxiWO,0,0,0,2026-08-30 08:28:19,2026-08-30 08:28:19,False,False,False
Q7C7RIN0So,S3kO8XxiWO,0,0,0,2026-08-30 08:28:14,2026-08-30 08:28:14,False,False,False
QDKDmc94SM,S3kO8XxiWO,0,0,0,2026-08-30 08:28:08,2026-08-30 08:28:08,False,False,False
QcNyMIRiV2,S3kO8XxiWO,0,0,0,2026-08-30 08:28:04,2026-08-30 08:28:04,False,False,False
QSRcIYy6Fm,S3kO8XxiWO,0,0,0,2026-08-30 08:27:44,2026-08-30 08:27:44,False,False,False
QVXDvxv83S,S3kO8XxiWO,0,0,0,2026-08-30 08:27:41,2026-08-30 08:27:41,False,False,False
QvZ57g7PO8,S3kO8XxiWO,0,0,0,2026-08-30 08:27:27,2026-08-30 08:27:27,False,False,False
Q1hGCBSS5A,S3kO8XxiWO,0,0,0,2026-08-30 08:27:17,2026-08-30 08:27:17,False,False,False
Q9F9rBREM8,S3kO8XxiWO,0,0,0,2026-08-30 08:27:07,2026-08-30 08:27:07,False,False,False
QfRK4ebqHF,S3kO8XxiWO,3,0,0,2026-08-30 08:26:12,2026-08-30 08:26:12,True,False,False
QJaBJG5wb3,S91bzuR10O,1,4,4,2026-08-30 04:26:23,2026-08-30 04:26:55,True,True,True
QJnkm4HV1r,S91bzuR10O,0,0,0,2026-08-30 04:26:15,2026-08-30 04:26:15,False,False,False
Q7MNnGAQ4M,S91bzuR10O,0,0,0,2026-08-30 04:26:08,2026-08-30 04:26:08,False,False,False
QHA91KkPlz,S91bzuR10O,0,0,0,2026-08-30 04:25:59,2026-08-30 04:25:59,False,False,False
QxeYMVXn1u,S91bzuR10O,20,0,0,2026-08-30 04:25:37,2026-08-30 04:25:37,True,False,False
QgOAz8QOQt,Siqvgo3iyV,1,5,5,2026-08-30 00:54:34,2026-08-30 00:56:17,True,True,True
QAb1vZ4GAk,Siqvgo3iyV,1,0,0,2026-08-30 00:54:28,2026-08-30 00:54:28,True,False,False
Qt4HZi0lkI,Siqvgo3iyV,2,12,12,2026-08-30 00:51:00,2026-08-30 00:54:15,True,True,True
QhNXUk5Q17,Siqvgo3iyV,2,0,0,2026-08-30 00:50:42,2026-08-30 00:50:42,True,False,False
QzW6pHMQvO,Siqvgo3iyV,2,0,0,2026-08-30 00:50:23,2026-08-30 00:50:23,True,False,False
QdQm7TB7Bh,Siqvgo3iyV,0,0,0,2026-08-30 00:50:03,2026-08-30 00:50:03,False,False,False
QlQV4DpnY7,Siqvgo3iyV,0,0,0,2026-08-30 00:49:54,2026-08-30 00:49:54,False,False,False
QJJ5euyNY6,Siqvgo3iyV,0,0,0,2026-08-30 00:49:48,2026-08-30 00:49:48,False,False,False
QTcSQ3UTG9,Siqvgo3iyV,0,0,0,2026-08-30 00:49:12,2026-08-30 00:49:12,False,False,False
Q5g1usJmNO,Siqvgo3iyV,3,0,0,2026-08-30 00:47:46,2026-08-30 00:47:46,True,False,False
QH7peFLBoy,Siqvgo3iyV,3,0,0,2026-08-30 00:47:40,2026-08-30 00:47:40,True,False,False
Qtg4AuTk80,ShtAb53pnr,40,2,2,2026-08-30 00:18:15,2026-08-30 00:20:00,True,True,True
QfTXekQDfJ,ShtAb53pnr,0,0,0,2026-08-30 00:17:43,2026-08-30 00:17:43,False,False,False
Que6VVbeMu,ShtAb53pnr,0,0,0,2026-08-30 00:17:35,2026-08-30 00:17:35,False,False,False
QQi1j1K7dx,ShtAb53pnr,20,0,0,2026-08-30 00:17:17,2026-08-30 00:17:17,True,False,False
Ql67r81EpA,ShtAb53pnr,20,0,0,2026-08-30 00:17:06,2026-08-30 00:17:06,True,False,False
Q1E16J31sl,ShtAb53pnr,20,0,0,2026-08-30 00:16:45,2026-08-30 00:16:45,True,False,False
Q5OhEcNvDL,ShtAb53pnr,20,0,0,2026-08-30 00:16:35,2026-08-30 00:16:35,True,False,False
Q0hj3lX3d2,SkcgUsGdun,20,0,0,2026-08-30 00:15:12,2026-08-30 00:15:12,True,False,False
Q7KYhEjXuF,SkcgUsGdun,20,0,0,2026-08-30 00:14:56,2026-08-30 00:14:56,True,False,False
QD19rpKLBu,SkcgUsGdun,20,0,0,2026-08-30 00:14:45,2026-08-30 00:14:45,True,False,False
QKasDgCgMX,SkcgUsGdun,20,0,0,2026-08-30 00:14:40,2026-08-30 00:14:40,True,False,False
Qivme9BcfI,SkcgUsGdun,0,0,0,2026-08-30 00:14:25,2026-08-30 00:14:25,False,False,False
QFeDedfFiH,SkcgUsGdun,20,0,0,2026-08-30 00:14:12,2026-08-30 00:14:12,True,False,False
QzEPjGbPin,SkcgUsGdun,20,0,0,2026-08-30 00:14:08,2026-08-30 00:14:08,True,False,False
QB3WlYYqhr,SWEbVX9z5m,1,4,4,2026-08-29 15:34:39,2026-08-29 15:35:24,True,True,True
Q4ojVzeYmP,SWEbVX9z5m,1,0,0,2026-08-29 15:34:31,2026-08-29 15:34:31,True,False,False
Qz8qULWeAO,SWEbVX9z5m,1,0,0,2026-08-29 15:34:17,2026-08-29 15:34:17,True,False,False
QFE89HVGJy,SWEbVX9z5m,20,0,0,2026-08-29 15:33:46,2026-08-29 15:33:46,True,False,False
QyiluUQR6w,SrO2iKr6xo,0,0,0,2026-08-29 15:29:33,2026-08-29 15:29:33,False,False,False
Q2r2D0t4EI,SrO2iKr6xo,0,0,0,2026-08-29 15:29:28,2026-08-29 15:29:28,False,False,False
Q144xkNQ66,SrO2iKr6xo,0,0,0,2026-08-29 15:29:18,2026-08-29 15:29:18,False,False,False
QrOH8Wh0MU,SrO2iKr6xo,0,0,0,2026-08-29 15:29:07,2026-08-29 15:29:07,False,False,False
QABMEZ2Lmp,SrO2iKr6xo,0,0,0,2026-08-29 15:28:52,2026-08-29 15:28:52,False,False,False
QMya34Dtrx,SrO2iKr6xo,0,0,0,2026-08-29 15:28:38,2026-08-29 15:28:38,False,False,False
QLrcXogjG4,SrO2iKr6xo,20,0,0,2026-08-29 15:27:24,2026-08-29 15:27:24,True,False,False
QbBJTBUPa4,SPUx28T3TL,0,0,0,2026-08-29 15:22:46,2026-08-29 15:22:46,False,False,False
QKllNtGPha,SPUx28T3TL,0,0,0,2026-08-29 15:22:28,2026-08-29 15:22:28,False,False,False
QE7r3ta0u4,SPUx28T3TL,0,0,0,2026-08-29 15:22:12,2026-08-29 15:22:12,False,False,False
Qa0fMoODEd,SPUx28T3TL,0,0,0,2026-08-29 15:21:47,2026-08-29 15:21:47,False,False,False
QGGpgMQ4v5,SPUx28T3TL,0,0,0,2026-08-29 15:21:27,2026-08-29 15:21:27,False,False,False
QvaUyoaO1v,SPUx28T3TL,0,0,0,2026-08-29 15:21:02,2026-08-29 15:21:02,False,False,False
QJ5UwonmAd,SPUx28T3TL,0,0,0,2026-08-29 15:20:40,2026-08-29 15:20:40,False,False,False
QgJG1BMi66,SPUx28T3TL,0,0,0,2026-08-29 15:20:31,2026-08-29 15:20:31,False,False,False
QPBoqRdZbv,SPUx28T3TL,20,0,0,2026-08-29 15:19:29,2026-08-29 15:19:29,True,False,False
Q8F2x5T73e,SDCHJP9GEL,200,6,6,2026-08-29 14:59:09,2026-08-29 15:00:08,True,True,True
QUtMXdv6ob,SDCHJP9GEL,0,0,0,2026-08-29 14:59:05,2026-08-29 14:59:05,False,False,False
QQePBK5z8x,SDCHJP9GEL,0,0,0,2026-08-29 14:58:51,2026-08-29 14:58:51,False,False,False
QTFeF2EU9i,SDCHJP9GEL,0,0,0,2026-08-29 14:58:29,2026-08-29 14:58:29,False,False,False
QtwAVcibe6,SDCHJP9GEL,0,0,0,2026-08-29 14:58:24,2026-08-29 14:58:24,False,False,False
QyOpiHRmKC,SDCHJP9GEL,0,0,0,2026-08-29 14:58:19,2026-08-29 14:58:19,False,False,False
Qt0WKa0SLV,SDCHJP9GEL,200,0,0,2026-08-29 14:57:36,2026-08-29 14:57:36,True,False,False
Qx8ZxQys2h,SA4wocK7sn,34,2,2,2026-08-29 14:33:55,2026-08-29 14:34:54,True,True,True
QwnjNndIom,SA4wocK7sn,0,0,0,2026-08-29 14:33:27,2026-08-29 14:33:27,False,False,False
QsD7Y2RjXZ,SA4wocK7sn,0,0,0,2026-08-29 14:33:01,2026-08-29 14:33:01,False,False,False
QrZAOp2NGj,SULtlDqL8H,20,3,3,2026-08-29 14:19:32,2026-08-29 14:20:13,True,True,True
Q3NxstM9ZB,SULtlDqL8H,20,0,0,2026-08-29 14:19:25,2026-08-29 14:19:25,True,False,False
Q1blO4uG1n,SULtlDqL8H,0,0,0,2026-08-29 14:15:16,2026-08-29 14:15:16,False,False,False
QLf7Ck6UwJ,SULtlDqL8H,0,0,0,2026-08-29 14:15:04,2026-08-29 14:15:04,False,False,False
QhzNheB7lJ,SULtlDqL8H,0,0,0,2026-08-29 14:14:59,2026-08-29 14:14:59,False,False,False
QQH9lq7yvj,SULtlDqL8H,0,0,0,2026-08-29 14:14:44,2026-08-29 14:14:44,False,False,False
QBCHAwUJn9,SULtlDqL8H,20,0,0,2026-08-29 14:14:16,2026-08-29 14:14:16,True,False,False
Q1kmQKk0rb,S8wi9Cgmyj,0,0,0,2026-08-29 12:52:18,2026-08-29 12:52:18,False,False,False
Qpt90DDgsn,S8wi9Cgmyj,0,0,0,2026-08-29 12:52:04,2026-08-29 12:52:04,False,False,False
Q0nO9cnSPd,S8wi9Cgmyj,0,0,0,2026-08-29 12:51:32,2026-08-29 12:51:32,False,False,False
QQ5RXBXBR4,S8wi9Cgmyj,0,0,0,2026-08-29 12:51:16,2026-08-29 12:51:16,False,False,False
QdVKYmGhra,S8wi9Cgmyj,0,0,0,2026-08-29 12:51:05,2026-08-29 12:51:05,False,False,False
QD4U3ztNlp,S8wi9Cgmyj,0,0,0,2026-08-29 12:50:29,2026-08-29 12:50:29,False,False,False
Q0alv53UTl,S8wi9Cgmyj,0,0,0,2026-08-29 12:50:14,2026-08-29 12:50:14,False,False,False
Qi6IhgLadE,S8wi9Cgmyj,0,0,0,2026-08-29 12:49:10,2026-08-29 12:49:10,False,False,False
Q1ZmSWFT1T,S18Lz1cYYu,13,0,0,2026-08-29 10:36:12,2026-08-29 10:36:56,True,False,False
QvArPo2JT7,S18Lz1cYYu,20,0,0,2026-08-29 10:35:51,2026-08-29 10:35:51,True,False,False
Q7f2HeFFFW,S18Lz1cYYu,20,0,0,2026-08-29 10:35:44,2026-08-29 10:35:44,True,False,False
QNHhx3jdVH,SkcgUsGdun,20,0,0,2026-08-29 09:59:04,2026-08-29 09:59:04,True,False,False
Qkmoq7rfGj,SkcgUsGdun,20,0,0,2026-08-29 09:58:14,2026-08-29 09:58:14,True,False,False
QhCR0t5IkB,SkcgUsGdun,20,0,0,2026-08-29 09:58:07,2026-08-29 09:58:07,True,False,False
Q9R6aKDqdQ,SkcgUsGdun,20,0,0,2026-08-29 09:58:00,2026-08-29 09:58:00,True,False,False
QQ0zK37fEm,SkcgUsGdun,20,0,0,2026-08-29 09:57:46,2026-08-29 09:57:46,True,False,False
Q0ziQEmxKz,SkcgUsGdun,20,0,0,2026-08-29 09:55:53,2026-08-29 09:55:53,True,False,False
QPFT3MmIOr,SkcgUsGdun,20,0,0,2026-08-29 09:55:40,2026-08-29 09:55:40,True,False,False
QMfp2J1ja2,SkcgUsGdun,7,0,0,2026-08-29 09:53:57,2026-08-29 09:53:57,True,False,False
QkIVhDt22g,SkcgUsGdun,0,0,0,2026-08-29 09:53:47,2026-08-29 09:53:47,False,False,False
QbC8XA3KTg,SkcgUsGdun,0,0,0,2026-08-29 09:53:31,2026-08-29 09:53:31,False,False,False
Qv3ns58DE8,SkcgUsGdun,0,0,0,2026-08-29 09:53:09,2026-08-29 09:53:09,False,False,False
QNJsD4kPg0,SkcgUsGdun,0,0,0,2026-08-29 09:52:54,2026-08-29 09:52:54,False,False,False
QDOaJ4gi3E,SkcgUsGdun,0,0,0,2026-08-29 09:52:45,2026-08-29 09:52:45,False,False,False
Q3coLsdzsA,SkcgUsGdun,0,0,0,2026-08-29 09:52:30,2026-08-29 09:52:30,False,False,False
QLu3t2o66w,SkcgUsGdun,0,0,0,2026-08-29 09:52:10,2026-08-29 09:52:10,False,False,False
QNZZ7f3AVs,SkcgUsGdun,7,0,0,2026-08-29 09:51:20,2026-08-29 09:51:20,True,False,False
QxoEav5d6U,SkcgUsGdun,7,0,0,2026-08-29 09:51:12,2026-08-29 09:51:12,True,False,False
Qz6XeRkveI,SkcgUsGdun,20,0,0,2026-08-29 09:50:50,2026-08-29 09:50:50,True,False,False
QNFRCCVqbP,SkcgUsGdun,200,0,0,2026-08-29 09:50:31,2026-08-29 09:50:31,True,False,False
QS2Nf7ujam,SkcgUsGdun,134,0,0,2026-08-29 09:50:21,2026-08-29 09:50:21,True,False,False
Q1pmoZBGd2,SkcgUsGdun,134,0,0,2026-08-29 09:50:14,2026-08-29 09:50:14,True,False,False
QSN7J6w0JM,SkcgUsGdun,27,0,0,2026-08-29 09:49:58,2026-08-29 09:49:58,True,False,False
QfwZVSviLs,SkcgUsGdun,0,0,0,2026-08-29 09:49:41,2026-08-29 09:49:41,False,False,False
QzsgiJmvpS,SkcgUsGdun,200,0,0,2026-08-29 09:49:16,2026-08-29 09:49:16,True,False,False
QgVB7GVeCU,SEyPw9YcYF,20,6,6,2026-08-29 08:32:31,2026-08-29 08:34:36,True,True,True
QjccAp74FV,Sl9jy3eBXX,4,2,2,2026-08-28 23:24:43,2026-08-28 23:25:48,True,True,True
QXR60h3snv,Sl9jy3eBXX,3,13,13,2026-08-28 23:21:33,2026-08-28 23:24:16,True,True,True
QHJ9KMR6c0,Sl9jy3eBXX,20,0,0,2026-08-28 23:20:04,2026-08-28 23:20:04,True,False,False
QP5zYUYuK3,SCNuY2yWG3,7,1,1,2026-08-28 22:06:13,2026-08-28 22:06:55,True,True,True
QWr1WK9Qt2,SCNuY2yWG3,200,0,0,2026-08-28 22:05:48,2026-08-28 22:05:48,True,False,False
QXpCq5SenS,S7lDQeGcnC,0,0,0,2026-08-28 21:57:31,2026-08-28 21:57:31,False,False,False
Q2ZWvN7WQv,S7lDQeGcnC,0,0,0,2026-08-28 21:57:24,2026-08-28 21:57:24,False,False,False
QN7QHax84N,S7lDQeGcnC,2,0,0,2026-08-28 21:57:05,2026-08-28 21:57:05,True,False,False
QhM79a9imX,S7lDQeGcnC,10,0,0,2026-08-28 21:56:54,2026-08-28 21:56:54,True,False,False
Qy9phiue1Y,S1Wd4jiS4x,33,3,3,2026-08-28 21:21:34,2026-08-28 21:24:20,True,True,True
QAQYUagzxG,S1Wd4jiS4x,200,9,9,2026-08-28 21:15:05,2026-08-28 21:20:44,True,True,True
QWBsF3FDla,S1Wd4jiS4x,0,0,0,2026-08-28 21:14:50,2026-08-28 21:14:50,False,False,False
QTREFrQEKy,S1Wd4jiS4x,0,0,0,2026-08-28 21:14:45,2026-08-28 21:14:45,False,False,False
QE2skmxqtN,S1Wd4jiS4x,0,0,0,2026-08-28 21:14:31,2026-08-28 21:14:31,False,False,False
Qa8azF2WC3,S1Wd4jiS4x,0,0,0,2026-08-28 21:14:18,2026-08-28 21:14:18,False,False,False
QUO2PegZM0,S1Wd4jiS4x,0,0,0,2026-08-28 21:13:54,2026-08-28 21:13:54,False,False,False
QViuMM7Oz3,S1Wd4jiS4x,0,0,0,2026-08-28 21:13:30,2026-08-28 21:13:30,False,False,False
Qw6asIBogx,S1Wd4jiS4x,0,0,0,2026-08-28 21:13:12,2026-08-28 21:13:12,False,False,False
Q9p0GVJd87,S1Wd4jiS4x,0,0,0,2026-08-28 21:13:02,2026-08-28 21:13:02,False,False,False
Qggs5ViKs6,S1Wd4jiS4x,0,0,0,2026-08-28 21:12:55,2026-08-28 21:12:55,False,False,False
QSVwupeLeB,S1Wd4jiS4x,0,0,0,2026-08-28 21:12:40,2026-08-28 21:12:40,False,False,False
QTNHlfQlWK,S1Wd4jiS4x,0,0,0,2026-08-28 21:12:30,2026-08-28 21:12:30,False,False,False
Q2pHbv607e,S1Wd4jiS4x,0,0,0,2026-08-28 21:12:12,2026-08-28 21:12:12,False,False,False
QeGll1HGG0,S1Wd4jiS4x,0,0,0,2026-08-28 21:12:00,2026-08-28 21:12:00,False,False,False
QqyC1G3Ogh,S1Wd4jiS4x,0,0,0,2026-08-28 21:11:28,2026-08-28 21:11:28,False,False,False
QvGWKdjvxi,S1Wd4jiS4x,0,0,0,2026-08-28 21:11:22,2026-08-28 21:11:22,False,False,False
Q0Hk8yHrcS,S1Wd4jiS4x,0,0,0,2026-08-28 21:11:16,2026-08-28 21:11:16,False,False,False
Q0we4ad3p2,S1Wd4jiS4x,0,0,0,2026-08-28 21:10:30,2026-08-28 21:10:30,False,False,False
QA7bQhTiLs,S1Wd4jiS4x,0,0,0,2026-08-28 21:10:12,2026-08-28 21:10:12,False,False,False
QHJY1Vy3gK,S1Wd4jiS4x,0,0,0,2026-08-28 21:10:02,2026-08-28 21:10:02,False,False,False
QIofE2CcLU,S1Wd4jiS4x,33,0,0,2026-08-28 21:08:48,2026-08-28 21:08:48,True,False,False
QLRmTuz6bd,Sy64D5K31o,13,9,9,2026-08-28 21:03:19,2026-08-28 21:03:51,True,True,True
QEelg8ZQ9v,Sy64D5K31o,13,0,0,2026-08-28 21:02:57,2026-08-28 21:02:57,True,False,False
Qc9unS1iN4,Sy64D5K31o,20,0,0,2026-08-28 21:02:28,2026-08-28 21:02:28,True,False,False
QFQfGGxB7C,S5uStHxWd1,1,2,2,2026-08-28 20:56:21,2026-08-28 20:57:02,True,True,True
QU5L077FC4,S5uStHxWd1,19,0,0,2026-08-28 20:56:01,2026-08-28 20:56:01,True,False,False
QHEes8JGl4,S35n2Yb6bf,136,2,2,2026-08-28 20:55:32,2026-08-28 20:57:39,True,True,True
Qgw6cthBke,S35n2Yb6bf,0,0,0,2026-08-28 20:55:16,2026-08-28 20:55:16,False,False,False
QeO8BWowuQ,S35n2Yb6bf,0,0,0,2026-08-28 20:55:04,2026-08-28 20:55:04,False,False,False
QWgnGg4bx4,S35n2Yb6bf,0,0,0,2026-08-28 20:54:25,2026-08-28 20:54:25,False,False,False
QEe4A3pfOC,SU4Kh6CjQz,2,1,1,2026-08-28 20:52:55,2026-08-28 20:53:43,True,True,True
Qq3kiTTYV2,SU4Kh6CjQz,2,0,0,2026-08-28 20:52:19,2026-08-28 20:52:19,True,False,False
QBJ8OQa7v5,SU4Kh6CjQz,2,0,0,2026-08-28 20:52:06,2026-08-28 20:52:06,True,False,False
Qc0zjdpewR,S1owF49mXg,45,1,1,2026-08-28 20:38:40,2026-08-28 20:39:25,True,True,True
QIzF4dO07g,S1owF49mXg,45,3,3,2026-08-28 20:37:54,2026-08-28 20:38:08,True,True,True
QuPacEA6qw,S1owF49mXg,0,0,0,2026-08-28 20:37:42,2026-08-28 20:37:42,False,False,False
Q85VtJzygQ,S1owF49mXg,0,0,0,2026-08-28 20:37:33,2026-08-28 20:37:33,False,False,False
QfY7e9nSuD,S1owF49mXg,0,0,0,2026-08-28 20:37:25,2026-08-28 20:37:25,False,False,False
QUD9FJSnhP,S1owF49mXg,0,0,0,2026-08-28 20:37:19,2026-08-28 20:37:19,False,False,False
Qm8QU0i9f1,S1owF49mXg,0,0,0,2026-08-28 20:37:07,2026-08-28 20:37:07,False,False,False
QsfgBXWBsE,SbCIb6zwy0,1,3,3,2026-08-28 20:35:46,2026-08-28 20:36:12,True,True,True
QXEmuiN91c,S1owF49mXg,125,0,0,2026-08-28 20:35:44,2026-08-28 20:35:44,True,False,False
QdJcW3bHTQ,SbCIb6zwy0,0,0,0,2026-08-28 20:35:35,2026-08-28 20:35:35,False,False,False
QE8FKEgEHY,SbCIb6zwy0,1,5,5,2026-08-28 20:34:12,2026-08-28 20:36:35,True,True,True
QtgT67Z9J2,SbCIb6zwy0,1,0,0,2026-08-28 20:33:49,2026-08-28 20:33:49,True,False,False
Q20ze9WvuD,SbCIb6zwy0,9,4,4,2026-08-28 20:31:20,2026-08-28 20:36:16,True,True,True
QYnqAOLdk9,SbCIb6zwy0,32,0,0,2026-08-28 20:30:48,2026-08-28 20:30:48,True,False,False
QIQUrGyX2R,SbCIb6zwy0,200,0,0,2026-08-28 20:30:29,2026-08-28 20:30:29,True,False,False
QVb4N776JF,SbCIb6zwy0,4,3,3,2026-08-28 20:28:11,2026-08-28 20:28:57,True,True,True
QeqY33BRal,SbCIb6zwy0,20,0,0,2026-08-28 20:27:46,2026-08-28 20:27:46,True,False,False
QU9ouTT4sN,STEqUIZTbY,2,7,7,2026-08-28 20:25:36,2026-08-28 20:26:20,True,True,True
QXLsAqGTu8,STEqUIZTbY,0,0,0,2026-08-28 20:25:29,2026-08-28 20:25:29,False,False,False
Q504QO0eho,STEqUIZTbY,20,0,0,2026-08-28 20:25:09,2026-08-28 20:25:09,True,False,False
QM024jAVa9,SbCIb6zwy0,0,0,0,2026-08-28 20:23:45,2026-08-28 20:23:45,False,False,False
Qx2ylHJaeU,SbCIb6zwy0,0,0,0,2026-08-28 20:23:14,2026-08-28 20:23:14,False,False,False
QszxMx07ps,SbCIb6zwy0,0,0,0,2026-08-28 20:22:40,2026-08-28 20:22:40,False,False,False
QvbLNeWFHO,SbCIb6zwy0,0,0,0,2026-08-28 20:22:27,2026-08-28 20:22:27,False,False,False
QBbv00qVqv,SbCIb6zwy0,0,0,0,2026-08-28 20:22:16,2026-08-28 20:22:16,False,False,False
QFMU1dCdR3,STEqUIZTbY,20,8,8,2026-08-28 20:22:10,2026-08-28 20:23:12,True,True,True
QZVTvvChUQ,SbCIb6zwy0,0,0,0,2026-08-28 20:22:02,2026-08-28 20:22:02,False,False,False
Qw4zvSJSN6,STEqUIZTbY,1000,0,0,2026-08-28 20:21:52,2026-08-28 20:21:52,True,False,False
Q7eMXZBvMB,SbCIb6zwy0,0,0,0,2026-08-28 20:21:49,2026-08-28 20:21:49,False,False,False
QQTUE2ToUl,SbCIb6zwy0,0,0,0,2026-08-28 20:21:43,2026-08-28 20:21:43,False,False,False
QEhf8Qa94O,SbCIb6zwy0,20,0,0,2026-08-28 20:20:24,2026-08-28 20:20:24,True,False,False
QfyEdhfadA,STEqUIZTbY,20,9,9,2026-08-28 20:20:03,2026-08-28 20:21:01,True,True,True
QyoWpIknRm,STEqUIZTbY,20,2,2,2026-08-28 20:19:41,2026-08-28 20:20:05,True,True,True
Q24gQrT5q7,SSDnuZnJUx,3,5,5,2026-08-28 19:31:53,2026-08-28 19:32:56,True,True,True
QhjQC7ISJ6,SSDnuZnJUx,20,0,0,2026-08-28 19:30:58,2026-08-28 19:30:58,True,False,False
Qxu77L6taS,SYtOsNOrtV,0,0,0,2026-08-28 19:28:22,2026-08-28 19:28:22,False,False,False
Qls5gz8SJD,SYtOsNOrtV,20,0,0,2026-08-28 19:26:53,2026-08-28 19:26:53,True,False,False
QHaA7LVU77,SET0xscWXw,6,11,11,2026-08-28 19:16:17,2026-08-28 19:17:26,True,True,True
Q5gRr1F1T9,SET0xscWXw,0,0,0,2026-08-28 19:16:07,2026-08-28 19:16:07,False,False,False
QZBsNvYNxW,SET0xscWXw,0,0,0,2026-08-28 19:16:03,2026-08-28 19:16:03,False,False,False
QzSc7wHrY0,SET0xscWXw,0,0,0,2026-08-28 19:15:53,2026-08-28 19:15:53,False,False,False
QQFpVOZ85A,SET0xscWXw,0,0,0,2026-08-28 19:15:46,2026-08-28 19:15:46,False,False,False
Qu7IZVdIfa,SET0xscWXw,20,0,0,2026-08-28 19:15:02,2026-08-28 19:15:02,True,False,False
Qef6nhfBaf,SAGoMPtwtv,7,2,2,2026-08-28 18:59:19,2026-08-28 19:00:30,True,True,True
Qr8f8e0yPK,SAGoMPtwtv,7,2,2,2026-08-28 18:58:02,2026-08-28 18:59:16,True,True,True
Q5su591bLG,SAGoMPtwtv,7,0,0,2026-08-28 18:57:53,2026-08-28 18:57:53,True,False,False
QJimeDlDOV,SAGoMPtwtv,1,0,0,2026-08-28 18:57:34,2026-08-28 18:57:34,True,False,False
Qp4nY8fw73,SAGoMPtwtv,1,4,4,2026-08-28 18:56:34,2026-08-28 18:57:19,True,True,True
QZexs2DQR6,SAGoMPtwtv,0,0,0,2026-08-28 18:56:23,2026-08-28 18:56:23,False,False,False
QuVxROuQ7j,SAGoMPtwtv,0,0,0,2026-08-28 18:56:15,2026-08-28 18:56:15,False,False,False
Q31Aqviple,SAGoMPtwtv,0,0,0,2026-08-28 18:55:55,2026-08-28 18:55:55,False,False,False
QoNkA0Hv40,SAGoMPtwtv,0,0,0,2026-08-28 18:55:44,2026-08-28 18:55:44,False,False,False
Qp9D5k4c1O,SAGoMPtwtv,0,0,0,2026-08-28 18:55:30,2026-08-28 18:55:30,False,False,False
QD0YRMjvrt,SAGoMPtwtv,20,0,0,2026-08-28 18:54:42,2026-08-28 18:54:42,True,False,False
QU2RASM7ei,SiYg4jHrQh,20,0,0,2026-08-28 18:47:43,2026-08-28 18:47:43,True,False,False
QnqMOZhcIJ,SU4Kh6CjQz,2,0,0,2026-08-28 18:39:46,2026-08-28 18:39:46,True,False,False
Qktaikj4nh,SU4Kh6CjQz,2,0,0,2026-08-28 18:39:39,2026-08-28 18:39:39,True,False,False
Q8xtjCAOnE,SU4Kh6CjQz,2,0,0,2026-08-28 18:39:22,2026-08-28 18:39:22,True,False,False
QqlwUL4k8Z,SU4Kh6CjQz,2,0,0,2026-08-28 18:39:10,2026-08-28 18:39:10,True,False,False
QcyUI8eGde,SU4Kh6CjQz,2,0,0,2026-08-28 18:38:44,2026-08-28 18:38:44,True,False,False
QM2sjX0ZDi,S1ubxerzjp,0,0,0,2026-08-28 18:34:45,2026-08-28 18:34:45,False,False,False
QX9VhQsOeU,S1ubxerzjp,0,0,0,2026-08-28 18:34:35,2026-08-28 18:34:35,False,False,False
QI2auVPTo7,S1ubxerzjp,0,0,0,2026-08-28 18:34:29,2026-08-28 18:34:29,False,False,False
QBTb7ywz5i,S1ubxerzjp,0,0,0,2026-08-28 18:34:17,2026-08-28 18:34:17,False,False,False
QSwrDZHjxa,S1ubxerzjp,0,0,0,2026-08-28 18:34:09,2026-08-28 18:34:09,False,False,False
QDfmBpKxkV,S1ubxerzjp,0,0,0,2026-08-28 18:33:54,2026-08-28 18:33:54,False,False,False
QFmOUuXwC0,S1ubxerzjp,0,0,0,2026-08-28 18:33:49,2026-08-28 18:33:49,False,False,False
QVKRzz0fER,S1ubxerzjp,0,0,0,2026-08-28 18:33:30,2026-08-28 18:33:30,False,False,False
QVqaigocSV,S1ubxerzjp,0,0,0,2026-08-28 18:33:13,2026-08-28 18:33:13,False,False,False
Q2GRU8o0Nj,S1ubxerzjp,0,0,0,2026-08-28 18:32:19,2026-08-28 18:32:19,False,False,False
QXWFj3kYp7,SU4Kh6CjQz,20,0,0,2026-08-28 18:21:53,2026-08-28 18:21:53,True,False,False
Qo2WTKTIMg,S3qXRdxw3F,2,1,1,2026-08-28 18:21:53,2026-08-28 18:22:04,True,True,True
QeVSvCuOet,SU4Kh6CjQz,20,0,0,2026-08-28 18:21:42,2026-08-28 18:21:42,True,False,False
QuH3nnhxsi,S3qXRdxw3F,6,0,0,2026-08-28 18:21:36,2026-08-28 18:21:36,True,False,False
QjAiUJuB3j,SU4Kh6CjQz,20,0,0,2026-08-28 18:21:27,2026-08-28 18:21:27,True,False,False
QILNQUZiVw,S3qXRdxw3F,6,0,0,2026-08-28 18:21:20,2026-08-28 18:21:20,True,False,False
QFevBckUUl,S3qXRdxw3F,6,0,0,2026-08-28 18:21:12,2026-08-28 18:21:12,True,False,False
Q1eBzpF3TZ,SU4Kh6CjQz,13,0,0,2026-08-28 18:21:12,2026-08-28 18:21:12,True,False,False
Ql1iySF0Hs,S3qXRdxw3F,2,0,0,2026-08-28 18:21:02,2026-08-28 18:21:02,True,False,False
Q62XNf9b75,SU4Kh6CjQz,13,0,0,2026-08-28 18:20:59,2026-08-28 18:20:59,True,False,False
QEUIxt7cQL,SU4Kh6CjQz,20,0,0,2026-08-28 18:20:02,2026-08-28 18:20:02,True,False,False
QPZN9Elyzn,S3qXRdxw3F,2,4,4,2026-08-28 18:19:35,2026-08-28 18:20:56,True,True,True
Q2C8brPDg5,S3qXRdxw3F,0,0,0,2026-08-28 18:19:32,2026-08-28 18:19:32,False,False,False
QJEQt6klls,S3qXRdxw3F,0,0,0,2026-08-28 18:19:21,2026-08-28 18:19:21,False,False,False
Qre2qYcg89,S3qXRdxw3F,20,0,0,2026-08-28 18:18:23,2026-08-28 18:18:23,True,False,False
