search_id,session_id,search_time,query_text,checkin_date,checkout_date,total_result_count,sort_option,guest_count,destination,search_data_origin,search_filter_id,property_type,property_grade,user_rating_min,price,amenity_count,region,filter_data_origin
Q1pfyOcPu8,Sb8HrR5rXR,2026-08-31 19:43:27,,2026-10-03 00:00:00,2026-10-05 00:00:00,30,rating,2,Tokyo,실제 사용자 입력·검색 로그,FQ1pfyOcPu8,,,,100000.0,1,Tokyo,실제 사용자 선택값
QuiL0Coq14,Sb8HrR5rXR,2026-08-31 19:43:19,,2026-10-03 00:00:00,2026-10-05 00:00:00,35,rating,2,Tokyo,실제 사용자 입력·검색 로그,FQuiL0Coq14,,,,100000.0,0,Tokyo,실제 사용자 선택값
QeRkwNN3Mk,Sb8HrR5rXR,2026-08-31 19:43:12,,2026-10-03 00:00:00,2026-10-05 00:00:00,200,rating,2,Tokyo,실제 사용자 입력·검색 로그,FQeRkwNN3Mk,,,,,0,Tokyo,실제 사용자 선택값
Q333t6naRT,Sb8HrR5rXR,2026-08-31 19:41:27,,2026-10-03 00:00:00,2026-09-17 00:00:00,18,rating,2,Tokyo,실제 사용자 입력·검색 로그,FQ333t6naRT,,,,100000.0,0,Tokyo,실제 사용자 선택값
QdPLnzMcro,Sb8HrR5rXR,2026-08-31 19:41:14,,2026-10-03 00:00:00,2026-09-17 00:00:00,200,rating,2,Tokyo,실제 사용자 입력·검색 로그,FQdPLnzMcro,,,,,0,Tokyo,실제 사용자 선택값
Q0CqLhuf7C,Sb8HrR5rXR,2026-08-31 19:41:02,,2026-10-03 00:00:00,2026-09-17 00:00:00,200,rating,2,Tokyo,실제 사용자 입력·검색 로그,FQ0CqLhuf7C,,,,,0,Tokyo,실제 사용자 선택값
QDX2vny39Z,Sb8HrR5rXR,2026-08-31 19:40:57,도쿄,2026-10-03 00:00:00,2026-09-17 00:00:00,5,reviews,2,Tokyo,실제 사용자 입력·검색 로그,FQDX2vny39Z,,,,100000.0,5,Tokyo,실제 사용자 선택값
QN1X76RVBO,Sb8HrR5rXR,2026-08-31 19:40:49,도쿄,2026-10-03 00:00:00,2026-09-17 00:00:00,0,reviews,2,Tokyo,실제 사용자 입력·검색 로그,FQN1X76RVBO,,,,50000.0,5,Tokyo,실제 사용자 선택값
QX121uaX47,Sb8HrR5rXR,2026-08-31 19:40:44,도쿄,2026-10-03 00:00:00,2026-09-17 00:00:00,0,reviews,2,Tokyo,실제 사용자 입력·검색 로그,FQX121uaX47,,,,50000.0,5,Tokyo,실제 사용자 선택값
QZ0FLsEEjB,Sb8HrR5rXR,2026-08-31 19:40:36,도쿄,2026-10-03 00:00:00,2026-09-17 00:00:00,0,reviews,2,Tokyo · 아사쿠사,실제 사용자 입력·검색 로그,FQZ0FLsEEjB,,,,50000.0,5,Tokyo · 아사쿠사,실제 사용자 선택값
QYMZRtxiN1,Sb8HrR5rXR,2026-08-31 19:40:31,도쿄,2026-10-03 00:00:00,2026-09-17 00:00:00,0,reviews,2,Tokyo · 아사쿠사,실제 사용자 입력·검색 로그,FQYMZRtxiN1,,,,50000.0,4,Tokyo · 아사쿠사,실제 사용자 선택값
Q3Hfff0KOt,Sb8HrR5rXR,2026-08-31 19:40:12,도쿄,2026-10-03 00:00:00,2026-09-17 00:00:00,0,reviews,2,Tokyo · 아사쿠사,실제 사용자 입력·검색 로그,FQ3Hfff0KOt,,,,100000.0,6,Tokyo · 아사쿠사,실제 사용자 선택값
QefYYCEICl,Sb8HrR5rXR,2026-08-31 19:39:57,도쿄,2026-09-15 00:00:00,2026-09-17 00:00:00,0,reviews,2,Tokyo · 아사쿠사,실제 사용자 입력·검색 로그,FQefYYCEICl,,,,100000.0,6,Tokyo · 아사쿠사,실제 사용자 선택값
QXGIMCtkhO,Sb8HrR5rXR,2026-08-31 19:39:50,도쿄,2026-09-15 00:00:00,2026-09-17 00:00:00,0,reviews,2,Tokyo · 아사쿠사,실제 사용자 입력·검색 로그,FQXGIMCtkhO,,,,100000.0,6,Tokyo · 아사쿠사,실제 사용자 선택값
Qiwm8UtB3w,Sb8HrR5rXR,2026-08-31 19:39:44,도쿄,2026-09-15 00:00:00,2026-09-17 00:00:00,0,reviews,2,Tokyo · 아사쿠사,실제 사용자 입력·검색 로그,FQiwm8UtB3w,,,,100000.0,6,Tokyo · 아사쿠사,실제 사용자 선택값
QAQw9jvcsH,Sb8HrR5rXR,2026-08-31 19:39:33,도쿄,2026-09-15 00:00:00,2026-09-17 00:00:00,0,reviews,2,Tokyo · 아사쿠사,실제 사용자 입력·검색 로그,FQAQw9jvcsH,,,,100000.0,7,Tokyo · 아사쿠사,실제 사용자 선택값
Qj5hOg14KD,Sb8HrR5rXR,2026-08-31 19:38:28,,2026-09-15 00:00:00,2026-09-17 00:00:00,1000,rating,2,,실제 사용자 입력·검색 로그,FQj5hOg14KD,,,,,0,,실제 사용자 선택값
QG3wnGoEio,SgAP23vVo4,2026-08-31 17:00:27,,2026-09-15 00:00:00,2026-09-17 00:00:00,20,rating,2,Tokyo · 신주쿠,실제 사용자 입력·검색 로그,FQG3wnGoEio,,,,,0,Tokyo · 신주쿠,실제 사용자 선택값
QyjT2lTKiZ,SgAP23vVo4,2026-08-31 17:00:12,신주쿠 ,2026-09-15 00:00:00,2026-09-17 00:00:00,10,rating,2,,실제 사용자 입력·검색 로그,FQyjT2lTKiZ,,,,,0,,실제 사용자 선택값
QwpBL0B7xv,SKBbfdVhKm,2026-08-31 17:00:10,도쿄,2026-09-10 00:00:00,2026-09-13 00:00:00,3,rating,1,Tokyo · 시부야,실제 사용자 입력·검색 로그,FQwpBL0B7xv,,,,100000.0,0,Tokyo · 시부야,실제 사용자 선택값
Q6XsVH2R7b,SKBbfdVhKm,2026-08-31 17:00:04,도쿄,2026-09-10 00:00:00,2026-09-13 00:00:00,0,rating,1,Tokyo · 시부야,실제 사용자 입력·검색 로그,FQ6XsVH2R7b,,,,50000.0,0,Tokyo · 시부야,실제 사용자 선택값
Q5Dnb16eDZ,Sm4PrN7cyf,2026-08-31 16:59:57,,2026-09-15 00:00:00,2026-09-17 00:00:00,1000,rating,2,,실제 사용자 입력·검색 로그,FQ5Dnb16eDZ,,,,,0,,실제 사용자 선택값
Q1DYroXNJw,SKBbfdVhKm,2026-08-31 16:59:53,도쿄,2026-09-10 00:00:00,2026-09-13 00:00:00,20,rating,1,Tokyo · 시부야,실제 사용자 입력·검색 로그,FQ1DYroXNJw,,,,,0,Tokyo · 시부야,실제 사용자 선택값
QquEimEOU8,SnFKQiJIuv,2026-08-31 11:46:42,도쿄,2026-09-15 00:00:00,2026-09-17 00:00:00,201,rating,2,,실제 사용자 입력·검색 로그,FQquEimEOU8,,,,,0,,실제 사용자 선택값
QGrCdiIQAv,SS5aKl3Qjq,2026-08-31 10:30:20,,2026-12-17 00:00:00,2026-12-21 00:00:00,200,rating,2,Sapporo,실제 사용자 입력·검색 로그,FQGrCdiIQAv,,,,,0,Sapporo,실제 사용자 선택값
Qt5N1QrO1F,SS5aKl3Qjq,2026-08-31 10:28:55,,2026-09-15 00:00:00,2026-09-17 00:00:00,20,rating,2,Tokyo · 시부야,실제 사용자 입력·검색 로그,FQt5N1QrO1F,,,,,0,Tokyo · 시부야,실제 사용자 선택값
QwSVJLo6n3,SS5aKl3Qjq,2026-08-31 10:27:50,도쿄,2026-09-15 00:00:00,2026-09-17 00:00:00,201,rating,2,,실제 사용자 입력·검색 로그,FQwSVJLo6n3,,,,,0,,실제 사용자 선택값
Qx444Zmlxf,S6XYxxvSwO,2026-08-31 10:14:53,,2026-10-16 00:00:00,2026-10-18 00:00:00,116,rating,2,Osaka,실제 사용자 입력·검색 로그,FQx444Zmlxf,,,,200000.0,0,Osaka,실제 사용자 선택값
QoFm0DeKO2,S6XYxxvSwO,2026-08-31 10:14:41,오사카역,2026-10-16 00:00:00,2026-10-18 00:00:00,0,reviews,2,Osaka · 우메다,실제 사용자 입력·검색 로그,FQoFm0DeKO2,,,8.0,200000.0,7,Osaka · 우메다,실제 사용자 선택값
QpbPzLGpbQ,S6XYxxvSwO,2026-08-31 10:14:28,"우메다역, 우메다, 오사카역",2026-10-16 00:00:00,2026-10-18 00:00:00,0,reviews,2,Osaka · 우메다,실제 사용자 입력·검색 로그,FQpbPzLGpbQ,,,8.0,200000.0,7,Osaka · 우메다,실제 사용자 선택값
QKV74qmXN4,S6XYxxvSwO,2026-08-31 10:14:23,"우메다역, 우메다, 오사카역",2026-10-16 00:00:00,2026-10-18 00:00:00,0,reviews,2,Osaka · 우메다,실제 사용자 입력·검색 로그,FQKV74qmXN4,,,8.0,200000.0,7,Osaka · 우메다,실제 사용자 선택값
QuWhrCRuRZ,S6XYxxvSwO,2026-08-31 10:13:42,"우메다역, 우메다, 오사카역",2026-10-16 00:00:00,2026-10-18 00:00:00,0,rating,2,Osaka · 우메다,실제 사용자 입력·검색 로그,FQuWhrCRuRZ,,,,,0,Osaka · 우메다,실제 사용자 선택값
Q18KTaGj8e,S4mkEfF6zW,2026-08-31 09:55:25,오사카,2026-09-15 00:00:00,2026-09-17 00:00:00,42,rating,2,,실제 사용자 입력·검색 로그,FQ18KTaGj8e,,,9.0,,1,,실제 사용자 선택값
Q9NAGk8lOS,S4mkEfF6zW,2026-08-31 09:54:59,오사카,2026-09-15 00:00:00,2026-09-17 00:00:00,200,rating,2,,실제 사용자 입력·검색 로그,FQ9NAGk8lOS,,,,,0,,실제 사용자 선택값
QcvPBwoECR,Sjlhv5qbkW,2026-08-30 23:58:26,오사카,2026-09-15 00:00:00,2026-09-17 00:00:00,2,reviews,2,,실제 사용자 입력·검색 로그,FQcvPBwoECR,,,8.0,250000.0,5,,실제 사용자 선택값
QHiWt5hbZX,Sjlhv5qbkW,2026-08-30 23:58:26,오사카,2026-09-15 00:00:00,2026-09-17 00:00:00,2,reviews,2,,실제 사용자 입력·검색 로그,FQHiWt5hbZX,,,8.0,250000.0,5,,실제 사용자 선택값
QcBd8Dn3Iq,Sjlhv5qbkW,2026-08-30 23:58:22,뉴욕,2026-09-15 00:00:00,2026-09-17 00:00:00,0,reviews,2,,실제 사용자 입력·검색 로그,FQcBd8Dn3Iq,,,8.0,250000.0,5,,실제 사용자 선택값
QZAYOIWt5J,Sjlhv5qbkW,2026-08-30 23:57:24,뉴욕,2026-09-15 00:00:00,2026-09-17 00:00:00,0,rating,2,,실제 사용자 입력·검색 로그,FQZAYOIWt5J,,,,,0,,실제 사용자 선택값
QqIN8jULWE,Sjlhv5qbkW,2026-08-30 23:57:24,뉴욕,2026-09-15 00:00:00,2026-09-17 00:00:00,0,rating,2,,실제 사용자 입력·검색 로그,FQqIN8jULWE,,,,,0,,실제 사용자 선택값
QSCxutafBO,SWhGA47bqi,2026-08-30 19:36:06,,2026-09-15 00:00:00,2026-09-17 00:00:00,0,reviews,2,Tokyo · 긴자·도쿄역,실제 사용자 입력·검색 로그,FQSCxutafBO,,,8.0,150000.0,4,Tokyo · 긴자·도쿄역,실제 사용자 선택값
Qkr9D9yZ1F,SWhGA47bqi,2026-08-30 19:36:01,,2026-09-15 00:00:00,2026-09-17 00:00:00,0,reviews,2,Tokyo · 긴자·도쿄역,실제 사용자 입력·검색 로그,FQkr9D9yZ1F,,,8.0,150000.0,6,Tokyo · 긴자·도쿄역,실제 사용자 선택값
QvMl8p2z9A,SWhGA47bqi,2026-08-30 19:35:56,,2026-09-15 00:00:00,2026-09-17 00:00:00,0,reviews,2,Tokyo · 긴자·도쿄역,실제 사용자 입력·검색 로그,FQvMl8p2z9A,,,8.0,150000.0,6,Tokyo · 긴자·도쿄역,실제 사용자 선택값
QQy7zgkxJY,SWhGA47bqi,2026-08-30 19:35:49,,2026-09-15 00:00:00,2026-09-17 00:00:00,0,reviews,2,Tokyo · 긴자·도쿄역,실제 사용자 입력·검색 로그,FQQy7zgkxJY,,,8.0,150000.0,6,Tokyo · 긴자·도쿄역,실제 사용자 선택값
QgA14vqfSP,SWhGA47bqi,2026-08-30 19:35:28,,2026-09-15 00:00:00,2026-09-17 00:00:00,0,reviews,2,Tokyo · 긴자·도쿄역,실제 사용자 입력·검색 로그,FQgA14vqfSP,,,8.0,150000.0,6,Tokyo · 긴자·도쿄역,실제 사용자 선택값
QrJ738MBMH,SWhGA47bqi,2026-08-30 19:35:18,,2026-09-15 00:00:00,2026-09-17 00:00:00,0,reviews,2,Tokyo · 긴자·도쿄역,실제 사용자 입력·검색 로그,FQrJ738MBMH,,,8.0,150000.0,6,Tokyo · 긴자·도쿄역,실제 사용자 선택값
Qe3uY6H1Ix,SWhGA47bqi,2026-08-30 19:34:10,,2026-09-15 00:00:00,2026-09-17 00:00:00,20,rating,2,Tokyo · 긴자·도쿄역,실제 사용자 입력·검색 로그,FQe3uY6H1Ix,,,,,0,Tokyo · 긴자·도쿄역,실제 사용자 선택값
QOL6MOrUPe,SVxCzLOlfQ,2026-08-30 16:00:00,도쿄,2026-09-19 00:00:00,2026-09-20 00:00:00,2,rating,2,Tokyo · 시부야,실제 사용자 입력·검색 로그,FQOL6MOrUPe,,,9.0,200000.0,0,Tokyo · 시부야,실제 사용자 선택값
Q3lldU1XCw,SVxCzLOlfQ,2026-08-30 15:59:53,도쿄,2026-09-19 00:00:00,2026-09-20 00:00:00,2,rating,2,Tokyo · 시부야,실제 사용자 입력·검색 로그,FQ3lldU1XCw,,,9.0,200000.0,0,Tokyo · 시부야,실제 사용자 선택값
QIO26lhj6N,SVxCzLOlfQ,2026-08-30 15:59:34,도쿄,2026-09-19 00:00:00,2026-09-20 00:00:00,0,rating,2,Tokyo · 시부야,실제 사용자 입력·검색 로그,FQIO26lhj6N,,,9.0,200000.0,3,Tokyo · 시부야,실제 사용자 선택값
QCpqajkxl2,SVxCzLOlfQ,2026-08-30 15:59:22,도쿄,2026-09-19 00:00:00,2026-09-20 00:00:00,0,rating,2,Tokyo · 시부야,실제 사용자 입력·검색 로그,FQCpqajkxl2,,,9.0,200000.0,4,Tokyo · 시부야,실제 사용자 선택값
QD8mraWVi4,SVxCzLOlfQ,2026-08-30 15:57:56,도쿄,2026-09-19 00:00:00,2026-09-20 00:00:00,20,rating,2,Tokyo · 시부야,실제 사용자 입력·검색 로그,FQD8mraWVi4,,,,,0,Tokyo · 시부야,실제 사용자 선택값
QwcHLdY10x,S3kO8XxiWO,2026-08-30 08:29:17,,2026-10-23 00:00:00,2026-10-25 00:00:00,5,rating,2,Tokyo,실제 사용자 입력·검색 로그,FQwcHLdY10x,,,9.0,200000.0,3,Tokyo,실제 사용자 선택값
Qwa7ToFcYm,S3kO8XxiWO,2026-08-30 08:28:49,,2026-10-23 00:00:00,2026-10-25 00:00:00,200,rating,2,Tokyo,실제 사용자 입력·검색 로그,FQwa7ToFcYm,,,,,0,Tokyo,실제 사용자 선택값
Q8AHm6zzeG,S3kO8XxiWO,2026-08-30 08:28:29,,2026-09-24 00:00:00,2026-09-27 00:00:00,200,rating,2,Tokyo,실제 사용자 입력·검색 로그,FQ8AHm6zzeG,,,,,0,Tokyo,실제 사용자 선택값
Q6k4EdqUNa,S3kO8XxiWO,2026-08-30 08:28:23,아사쿠사,2026-09-24 00:00:00,2026-09-27 00:00:00,0,rating,2,Tokyo · 아사쿠사,실제 사용자 입력·검색 로그,FQ6k4EdqUNa,,,9.0,200000.0,3,Tokyo · 아사쿠사,실제 사용자 선택값
QOVqoD2Qm8,S3kO8XxiWO,2026-08-30 08:28:19,아사쿠사,2026-09-24 00:00:00,2026-09-27 00:00:00,0,rating,2,Tokyo · 아사쿠사,실제 사용자 입력·검색 로그,FQOVqoD2Qm8,,,9.0,200000.0,3,Tokyo · 아사쿠사,실제 사용자 선택값
Q7C7RIN0So,S3kO8XxiWO,2026-08-30 08:28:14,아사쿠사,2026-09-24 00:00:00,2026-09-27 00:00:00,0,rating,2,Tokyo · 아사쿠사,실제 사용자 입력·검색 로그,FQ7C7RIN0So,,,9.0,200000.0,3,Tokyo · 아사쿠사,실제 사용자 선택값
QDKDmc94SM,S3kO8XxiWO,2026-08-30 08:28:08,아사쿠사,2026-09-24 00:00:00,2026-09-27 00:00:00,0,rating,2,Tokyo · 아사쿠사,실제 사용자 입력·검색 로그,FQDKDmc94SM,,,9.0,200000.0,3,Tokyo · 아사쿠사,실제 사용자 선택값
QcNyMIRiV2,S3kO8XxiWO,2026-08-30 08:28:04,아사쿠사,2026-09-24 00:00:00,2026-09-27 00:00:00,0,rating,2,Tokyo · 아사쿠사,실제 사용자 입력·검색 로그,FQcNyMIRiV2,,,9.0,200000.0,3,Tokyo · 아사쿠사,실제 사용자 선택값
QSRcIYy6Fm,S3kO8XxiWO,2026-08-30 08:27:44,아사쿠사,2026-09-24 00:00:00,2026-09-27 00:00:00,0,rating,2,Tokyo · 아사쿠사,실제 사용자 입력·검색 로그,FQSRcIYy6Fm,,,9.0,200000.0,5,Tokyo · 아사쿠사,실제 사용자 선택값
QVXDvxv83S,S3kO8XxiWO,2026-08-30 08:27:41,아사쿠사,2026-09-24 00:00:00,2026-09-27 00:00:00,0,rating,2,Tokyo · 아사쿠사,실제 사용자 입력·검색 로그,FQVXDvxv83S,,,9.0,200000.0,5,Tokyo · 아사쿠사,실제 사용자 선택값
QvZ57g7PO8,S3kO8XxiWO,2026-08-30 08:27:27,아사쿠사,2026-09-24 00:00:00,2026-09-27 00:00:00,0,rating,2,Tokyo · 아사쿠사,실제 사용자 입력·검색 로그,FQvZ57g7PO8,,,9.0,200000.0,6,Tokyo · 아사쿠사,실제 사용자 선택값
Q1hGCBSS5A,S3kO8XxiWO,2026-08-30 08:27:17,아사쿠사,2026-09-24 00:00:00,2026-09-27 00:00:00,0,rating,2,Tokyo · 아사쿠사,실제 사용자 입력·검색 로그,FQ1hGCBSS5A,,,9.0,200000.0,6,Tokyo · 아사쿠사,실제 사용자 선택값
Q9F9rBREM8,S3kO8XxiWO,2026-08-30 08:27:07,아사쿠사,2026-09-24 00:00:00,2026-09-27 00:00:00,0,rating,2,Tokyo · 아사쿠사,실제 사용자 입력·검색 로그,FQ9F9rBREM8,,,9.0,200000.0,6,Tokyo · 아사쿠사,실제 사용자 선택값
QfRK4ebqHF,S3kO8XxiWO,2026-08-30 08:26:12,아사쿠사,2026-09-24 00:00:00,2026-09-27 00:00:00,3,rating,2,Tokyo · 아사쿠사,실제 사용자 입력·검색 로그,FQfRK4ebqHF,,,,,0,Tokyo · 아사쿠사,실제 사용자 선택값
QJaBJG5wb3,S91bzuR10O,2026-08-30 04:26:23,후쿠오카,2026-09-15 00:00:00,2026-09-17 00:00:00,1,reviews,2,Fukuoka · 후쿠오카공항,실제 사용자 입력·검색 로그,FQJaBJG5wb3,,,,200000.0,1,Fukuoka · 후쿠오카공항,실제 사용자 선택값
QJnkm4HV1r,S91bzuR10O,2026-08-30 04:26:15,후쿠오카,2026-09-15 00:00:00,2026-09-17 00:00:00,0,reviews,2,Fukuoka · 후쿠오카공항,실제 사용자 입력·검색 로그,FQJnkm4HV1r,,,8.0,200000.0,1,Fukuoka · 후쿠오카공항,실제 사용자 선택값
Q7MNnGAQ4M,S91bzuR10O,2026-08-30 04:26:08,후쿠오카,2026-09-15 00:00:00,2026-09-17 00:00:00,0,reviews,2,Fukuoka · 후쿠오카공항,실제 사용자 입력·검색 로그,FQ7MNnGAQ4M,,,8.0,200000.0,1,Fukuoka · 후쿠오카공항,실제 사용자 선택값
QHA91KkPlz,S91bzuR10O,2026-08-30 04:25:59,후쿠오카,2026-09-15 00:00:00,2026-09-17 00:00:00,0,reviews,2,Fukuoka · 후쿠오카공항,실제 사용자 입력·검색 로그,FQHA91KkPlz,,,8.0,200000.0,4,Fukuoka · 후쿠오카공항,실제 사용자 선택값
QxeYMVXn1u,S91bzuR10O,2026-08-30 04:25:37,후쿠오카,2026-09-15 00:00:00,2026-09-17 00:00:00,20,rating,2,Fukuoka · 후쿠오카공항,실제 사용자 입력·검색 로그,FQxeYMVXn1u,,,,,0,Fukuoka · 후쿠오카공항,실제 사용자 선택값
QgOAz8QOQt,Siqvgo3iyV,2026-08-30 00:54:34,도쿄,2026-10-24 00:00:00,2026-10-26 00:00:00,1,rating,2,Tokyo · 아사쿠사,실제 사용자 입력·검색 로그,FQgOAz8QOQt,,,8.0,,4,Tokyo · 아사쿠사,실제 사용자 선택값
QAb1vZ4GAk,Siqvgo3iyV,2026-08-30 00:54:28,도쿄,2026-10-24 00:00:00,2026-10-26 00:00:00,1,rating,2,Tokyo · 아사쿠사,실제 사용자 입력·검색 로그,FQAb1vZ4GAk,,,8.0,,4,Tokyo · 아사쿠사,실제 사용자 선택값
Qt4HZi0lkI,Siqvgo3iyV,2026-08-30 00:51:00,도쿄 시부야,2026-10-24 00:00:00,2026-10-26 00:00:00,2,rating,2,Tokyo · 시부야,실제 사용자 입력·검색 로그,FQt4HZi0lkI,,,8.0,,4,Tokyo · 시부야,실제 사용자 선택값
QhNXUk5Q17,Siqvgo3iyV,2026-08-30 00:50:42,도쿄 시부야,2026-10-24 00:00:00,2026-10-26 00:00:00,2,rating,2,Tokyo · 시부야,실제 사용자 입력·검색 로그,FQhNXUk5Q17,,,8.0,,3,Tokyo · 시부야,실제 사용자 선택값
QzW6pHMQvO,Siqvgo3iyV,2026-08-30 00:50:23,도쿄 시부야,2026-10-24 00:00:00,2026-10-26 00:00:00,2,rating,2,Tokyo · 시부야,실제 사용자 입력·검색 로그,FQzW6pHMQvO,,,8.0,300000.0,3,Tokyo · 시부야,실제 사용자 선택값
QdQm7TB7Bh,Siqvgo3iyV,2026-08-30 00:50:03,도쿄 아사쿠사,2026-10-24 00:00:00,2026-10-26 00:00:00,0,rating,2,Tokyo · 아사쿠사,실제 사용자 입력·검색 로그,FQdQm7TB7Bh,,,8.0,300000.0,3,Tokyo · 아사쿠사,실제 사용자 선택값
QlQV4DpnY7,Siqvgo3iyV,2026-08-30 00:49:54,도쿄 아사쿠사,2026-10-24 00:00:00,2026-10-26 00:00:00,0,rating,2,Tokyo · 아사쿠사,실제 사용자 입력·검색 로그,FQlQV4DpnY7,,,8.0,300000.0,3,Tokyo · 아사쿠사,실제 사용자 선택값
QJJ5euyNY6,Siqvgo3iyV,2026-08-30 00:49:48,도쿄 아사쿠사,2026-10-24 00:00:00,2026-10-26 00:00:00,0,rating,2,Tokyo · 아사쿠사,실제 사용자 입력·검색 로그,FQJJ5euyNY6,,,8.0,300000.0,4,Tokyo · 아사쿠사,실제 사용자 선택값
QTcSQ3UTG9,Siqvgo3iyV,2026-08-30 00:49:12,도쿄 아사쿠사,2026-10-24 00:00:00,2026-10-26 00:00:00,0,rating,2,Tokyo · 아사쿠사,실제 사용자 입력·검색 로그,FQTcSQ3UTG9,,,8.0,300000.0,4,Tokyo · 아사쿠사,실제 사용자 선택값
Q5g1usJmNO,Siqvgo3iyV,2026-08-30 00:47:46,도쿄 아사쿠사,2026-10-24 00:00:00,2026-10-26 00:00:00,3,rating,2,Tokyo · 아사쿠사,실제 사용자 입력·검색 로그,FQ5g1usJmNO,,,,,0,Tokyo · 아사쿠사,실제 사용자 선택값
QH7peFLBoy,Siqvgo3iyV,2026-08-30 00:47:40,도쿄 아사쿠사,2026-10-24 00:00:00,2026-10-26 00:00:00,3,rating,2,Tokyo · 아사쿠사,실제 사용자 입력·검색 로그,FQH7peFLBoy,,,,,0,Tokyo · 아사쿠사,실제 사용자 선택값
Qtg4AuTk80,ShtAb53pnr,2026-08-30 00:18:15,오사카 수영장,2026-09-15 00:00:00,2026-09-17 00:00:00,40,rating,2,,실제 사용자 입력·검색 로그,FQtg4AuTk80,,,,,0,,실제 사용자 선택값
QfTXekQDfJ,ShtAb53pnr,2026-08-30 00:17:43,,2026-09-15 00:00:00,2026-09-17 00:00:00,0,rating,2,Osaka · 베이 에어리어,실제 사용자 입력·검색 로그,FQfTXekQDfJ,,,,,1,Osaka · 베이 에어리어,실제 사용자 선택값
Que6VVbeMu,ShtAb53pnr,2026-08-30 00:17:35,,2026-09-15 00:00:00,2026-09-17 00:00:00,0,rating,2,Osaka · 베이 에어리어,실제 사용자 입력·검색 로그,FQue6VVbeMu,,,,,1,Osaka · 베이 에어리어,실제 사용자 선택값
QQi1j1K7dx,ShtAb53pnr,2026-08-30 00:17:17,,2026-09-15 00:00:00,2026-09-17 00:00:00,20,rating,2,Osaka · 우메다,실제 사용자 입력·검색 로그,FQQi1j1K7dx,,,,,1,Osaka · 우메다,실제 사용자 선택값
Ql67r81EpA,ShtAb53pnr,2026-08-30 00:17:06,,2026-09-15 00:00:00,2026-09-17 00:00:00,20,rating,2,Osaka · 우메다,실제 사용자 입력·검색 로그,FQl67r81EpA,,,,,1,Osaka · 우메다,실제 사용자 선택값
Q1E16J31sl,ShtAb53pnr,2026-08-30 00:16:45,,2026-09-15 00:00:00,2026-09-17 00:00:00,20,rating,2,Sapporo · 삿포로역,실제 사용자 입력·검색 로그,FQ1E16J31sl,,,,,1,Sapporo · 삿포로역,실제 사용자 선택값
Q5OhEcNvDL,ShtAb53pnr,2026-08-30 00:16:35,,2026-09-15 00:00:00,2026-09-17 00:00:00,20,rating,2,Sapporo · 삿포로역,실제 사용자 입력·검색 로그,FQ5OhEcNvDL,,,,,0,Sapporo · 삿포로역,실제 사용자 선택값
Q0hj3lX3d2,SkcgUsGdun,2026-08-30 00:15:12,,2026-10-06 00:00:00,2026-10-08 00:00:00,20,rating,2,Osaka · 우메다,실제 사용자 입력·검색 로그,FQ0hj3lX3d2,,,,,1,Osaka · 우메다,실제 사용자 선택값
Q7KYhEjXuF,SkcgUsGdun,2026-08-30 00:14:56,,2026-10-06 00:00:00,2026-10-08 00:00:00,20,rating,2,Sapporo · 조잔케이,실제 사용자 입력·검색 로그,FQ7KYhEjXuF,,,,,0,Sapporo · 조잔케이,실제 사용자 선택값
QD19rpKLBu,SkcgUsGdun,2026-08-30 00:14:45,,2026-10-06 00:00:00,2026-10-08 00:00:00,20,rating,2,Sapporo · 삿포로역,실제 사용자 입력·검색 로그,FQD19rpKLBu,,,,,0,Sapporo · 삿포로역,실제 사용자 선택값
QKasDgCgMX,SkcgUsGdun,2026-08-30 00:14:40,,2026-10-06 00:00:00,2026-10-08 00:00:00,20,rating,2,Sapporo · 삿포로역,실제 사용자 입력·검색 로그,FQKasDgCgMX,,,,,0,Sapporo · 삿포로역,실제 사용자 선택값
Qivme9BcfI,SkcgUsGdun,2026-08-30 00:14:25,,2026-10-06 00:00:00,2026-10-08 00:00:00,0,rating,2,Sapporo · 스스키노,실제 사용자 입력·검색 로그,FQivme9BcfI,,,,,1,Sapporo · 스스키노,실제 사용자 선택값
QFeDedfFiH,SkcgUsGdun,2026-08-30 00:14:12,,2026-10-06 00:00:00,2026-10-08 00:00:00,20,rating,2,Sapporo · 스스키노,실제 사용자 입력·검색 로그,FQFeDedfFiH,,,,,0,Sapporo · 스스키노,실제 사용자 선택값
QzEPjGbPin,SkcgUsGdun,2026-08-30 00:14:08,,2026-10-06 00:00:00,2026-10-08 00:00:00,20,rating,2,Sapporo · 스스키노,실제 사용자 입력·검색 로그,FQzEPjGbPin,,,,,0,Sapporo · 스스키노,실제 사용자 선택값
QB3WlYYqhr,SWEbVX9z5m,2026-08-29 15:34:39,오사카,2026-09-15 00:00:00,2026-09-17 00:00:00,1,rating,2,Osaka · 우메다,실제 사용자 입력·검색 로그,FQB3WlYYqhr,,,9.0,,1,Osaka · 우메다,실제 사용자 선택값
Q4ojVzeYmP,SWEbVX9z5m,2026-08-29 15:34:31,오사카,2026-09-15 00:00:00,2026-09-17 00:00:00,1,rating,2,Osaka · 우메다,실제 사용자 입력·검색 로그,FQ4ojVzeYmP,,,9.0,,1,Osaka · 우메다,실제 사용자 선택값
Qz8qULWeAO,SWEbVX9z5m,2026-08-29 15:34:17,오사카,2026-09-15 00:00:00,2026-09-17 00:00:00,1,rating,2,Osaka · 우메다,실제 사용자 입력·검색 로그,FQz8qULWeAO,,,9.0,,0,Osaka · 우메다,실제 사용자 선택값
QFE89HVGJy,SWEbVX9z5m,2026-08-29 15:33:46,오사카,2026-09-15 00:00:00,2026-09-17 00:00:00,20,rating,2,Osaka · 우메다,실제 사용자 입력·검색 로그,FQFE89HVGJy,,,,,0,Osaka · 우메다,실제 사용자 선택값
QyiluUQR6w,SrO2iKr6xo,2026-08-29 15:29:33,긴자,2026-11-16 00:00:00,2026-11-20 00:00:00,0,rating,1,Tokyo · 긴자·도쿄역,실제 사용자 입력·검색 로그,FQyiluUQR6w,,,9.0,150000.0,0,Tokyo · 긴자·도쿄역,실제 사용자 선택값
Q2r2D0t4EI,SrO2iKr6xo,2026-08-29 15:29:28,긴자,2026-11-16 00:00:00,2026-11-20 00:00:00,0,rating,1,Tokyo · 긴자·도쿄역,실제 사용자 입력·검색 로그,FQ2r2D0t4EI,,,9.0,150000.0,0,Tokyo · 긴자·도쿄역,실제 사용자 선택값
Q144xkNQ66,SrO2iKr6xo,2026-08-29 15:29:18,긴자,2026-11-16 00:00:00,2026-11-20 00:00:00,0,rating,1,Tokyo · 긴자·도쿄역,실제 사용자 입력·검색 로그,FQ144xkNQ66,,,9.0,150000.0,8,Tokyo · 긴자·도쿄역,실제 사용자 선택값
QrOH8Wh0MU,SrO2iKr6xo,2026-08-29 15:29:07,긴자,2026-11-16 00:00:00,2026-11-20 00:00:00,0,rating,1,Tokyo · 긴자·도쿄역,실제 사용자 입력·검색 로그,FQrOH8Wh0MU,,,9.0,150000.0,8,Tokyo · 긴자·도쿄역,실제 사용자 선택값
QABMEZ2Lmp,SrO2iKr6xo,2026-08-29 15:28:52,도쿄역,2026-11-16 00:00:00,2026-11-20 00:00:00,0,rating,1,Tokyo · 긴자·도쿄역,실제 사용자 입력·검색 로그,FQABMEZ2Lmp,,,9.0,150000.0,8,Tokyo · 긴자·도쿄역,실제 사용자 선택값
QMya34Dtrx,SrO2iKr6xo,2026-08-29 15:28:38,도쿄역,2026-11-16 00:00:00,2026-11-20 00:00:00,0,rating,1,Tokyo · 긴자·도쿄역,실제 사용자 입력·검색 로그,FQMya34Dtrx,,,9.0,150000.0,8,Tokyo · 긴자·도쿄역,실제 사용자 선택값
QLrcXogjG4,SrO2iKr6xo,2026-08-29 15:27:24,도쿄역,2026-11-16 00:00:00,2026-11-20 00:00:00,20,rating,1,Tokyo · 긴자·도쿄역,실제 사용자 입력·검색 로그,FQLrcXogjG4,,,,,0,Tokyo · 긴자·도쿄역,실제 사용자 선택값
QbBJTBUPa4,SPUx28T3TL,2026-08-29 15:22:46,오사카,2026-09-15 00:00:00,2026-09-17 00:00:00,0,rating,1,Osaka · 난바,실제 사용자 입력·검색 로그,FQbBJTBUPa4,,,9.0,100000.0,4,Osaka · 난바,실제 사용자 선택값
QKllNtGPha,SPUx28T3TL,2026-08-29 15:22:28,오사카,2026-09-15 00:00:00,2026-09-17 00:00:00,0,rating,1,Osaka · 난바,실제 사용자 입력·검색 로그,FQKllNtGPha,,,9.0,150000.0,4,Osaka · 난바,실제 사용자 선택값
QE7r3ta0u4,SPUx28T3TL,2026-08-29 15:22:12,오사카,2026-09-18 00:00:00,2026-09-21 00:00:00,0,rating,1,Osaka · 난바,실제 사용자 입력·검색 로그,FQE7r3ta0u4,,,9.0,150000.0,4,Osaka · 난바,실제 사용자 선택값
Qa0fMoODEd,SPUx28T3TL,2026-08-29 15:21:47,오사카,2026-09-18 00:00:00,2026-09-21 00:00:00,0,rating,1,Osaka · 도톤보리,실제 사용자 입력·검색 로그,FQa0fMoODEd,,,9.0,150000.0,2,Osaka · 도톤보리,실제 사용자 선택값
QGGpgMQ4v5,SPUx28T3TL,2026-08-29 15:21:27,오사카,2026-09-18 00:00:00,2026-09-21 00:00:00,0,rating,1,Osaka · 도톤보리,실제 사용자 입력·검색 로그,FQGGpgMQ4v5,,,8.0,100000.0,3,Osaka · 도톤보리,실제 사용자 선택값
QvaUyoaO1v,SPUx28T3TL,2026-08-29 15:21:02,오사카,2026-09-18 00:00:00,2026-09-21 00:00:00,0,rating,1,Osaka · 도톤보리,실제 사용자 입력·검색 로그,FQvaUyoaO1v,,,8.0,100000.0,4,Osaka · 도톤보리,실제 사용자 선택값
QJ5UwonmAd,SPUx28T3TL,2026-08-29 15:20:40,오사카,2026-09-18 00:00:00,2026-09-21 00:00:00,0,rating,1,Osaka · 도톤보리,실제 사용자 입력·검색 로그,FQJ5UwonmAd,,,8.0,100000.0,7,Osaka · 도톤보리,실제 사용자 선택값
QgJG1BMi66,SPUx28T3TL,2026-08-29 15:20:31,오사카,2026-09-18 00:00:00,2026-09-21 00:00:00,0,rating,1,Osaka · 도톤보리,실제 사용자 입력·검색 로그,FQgJG1BMi66,,,8.0,100000.0,7,Osaka · 도톤보리,실제 사용자 선택값
QPBoqRdZbv,SPUx28T3TL,2026-08-29 15:19:29,오사카,2026-09-18 00:00:00,2026-09-21 00:00:00,20,rating,1,Osaka · 도톤보리,실제 사용자 입력·검색 로그,FQPBoqRdZbv,,,,,0,Osaka · 도톤보리,실제 사용자 선택값
Q8F2x5T73e,SDCHJP9GEL,2026-08-29 14:59:09,,2026-09-15 00:00:00,2026-09-17 00:00:00,200,rating,2,Osaka,실제 사용자 입력·검색 로그,FQ8F2x5T73e,,,,,0,Osaka,실제 사용자 선택값
QUtMXdv6ob,SDCHJP9GEL,2026-08-29 14:59:05,오사카,2026-09-15 00:00:00,2026-09-17 00:00:00,0,rating,2,Osaka,실제 사용자 입력·검색 로그,FQUtMXdv6ob,,,8.0,400000.0,5,Osaka,실제 사용자 선택값
QQePBK5z8x,SDCHJP9GEL,2026-08-29 14:58:51,오사카,2026-09-15 00:00:00,2026-09-17 00:00:00,0,rating,2,Osaka,실제 사용자 입력·검색 로그,FQQePBK5z8x,,,8.0,400000.0,4,Osaka,실제 사용자 선택값
QTFeF2EU9i,SDCHJP9GEL,2026-08-29 14:58:29,오사카,2026-09-15 00:00:00,2026-09-17 00:00:00,0,rating,2,Osaka,실제 사용자 입력·검색 로그,FQTFeF2EU9i,,,8.0,300000.0,4,Osaka,실제 사용자 선택값
QtwAVcibe6,SDCHJP9GEL,2026-08-29 14:58:24,오사카,2026-09-15 00:00:00,2026-09-17 00:00:00,0,rating,2,Osaka,실제 사용자 입력·검색 로그,FQtwAVcibe6,,,8.0,300000.0,4,Osaka,실제 사용자 선택값
QyOpiHRmKC,SDCHJP9GEL,2026-08-29 14:58:19,오사카,2026-09-15 00:00:00,2026-09-17 00:00:00,0,rating,2,Osaka,실제 사용자 입력·검색 로그,FQyOpiHRmKC,,,8.0,300000.0,4,Osaka,실제 사용자 선택값
Qt0WKa0SLV,SDCHJP9GEL,2026-08-29 14:57:36,오사카,2026-09-15 00:00:00,2026-09-17 00:00:00,200,rating,2,Osaka,실제 사용자 입력·검색 로그,FQt0WKa0SLV,,,,,0,Osaka,실제 사용자 선택값
Qx8ZxQys2h,SA4wocK7sn,2026-08-29 14:33:55,,2026-09-15 00:00:00,2026-09-17 00:00:00,34,rating,2,Tokyo,실제 사용자 입력·검색 로그,FQx8ZxQys2h,,,,,2,Tokyo,실제 사용자 선택값
QwnjNndIom,SA4wocK7sn,2026-08-29 14:33:27,신주쿠,2026-09-15 00:00:00,2026-09-17 00:00:00,0,rating,2,Tokyo · 시부야,실제 사용자 입력·검색 로그,FQwnjNndIom,,,,,14,Tokyo · 시부야,실제 사용자 선택값
QsD7Y2RjXZ,SA4wocK7sn,2026-08-29 14:33:01,신주쿠,2026-09-15 00:00:00,2026-09-17 00:00:00,0,rating,2,Tokyo · 시부야,실제 사용자 입력·검색 로그,FQsD7Y2RjXZ,,,,,0,Tokyo · 시부야,실제 사용자 선택값
QrZAOp2NGj,SULtlDqL8H,2026-08-29 14:19:32,오사카,2026-09-15 00:00:00,2026-09-17 00:00:00,20,rating,2,Osaka · 혼마치,실제 사용자 입력·검색 로그,FQrZAOp2NGj,,,,,0,Osaka · 혼마치,실제 사용자 선택값
Q3NxstM9ZB,SULtlDqL8H,2026-08-29 14:19:25,오사카,2026-09-15 00:00:00,2026-09-17 00:00:00,20,rating,2,Osaka · 혼마치,실제 사용자 입력·검색 로그,FQ3NxstM9ZB,,,,,0,Osaka · 혼마치,실제 사용자 선택값
Q1blO4uG1n,SULtlDqL8H,2026-08-29 14:15:16,도쿄,2026-09-15 00:00:00,2026-09-17 00:00:00,0,rating,2,Tokyo · 긴자·도쿄역,실제 사용자 입력·검색 로그,FQ1blO4uG1n,,,7.0,500000.0,6,Tokyo · 긴자·도쿄역,실제 사용자 선택값
QLf7Ck6UwJ,SULtlDqL8H,2026-08-29 14:15:04,도쿄,2026-09-15 00:00:00,2026-09-17 00:00:00,0,rating,2,Tokyo · 긴자·도쿄역,실제 사용자 입력·검색 로그,FQLf7Ck6UwJ,,,9.0,500000.0,6,Tokyo · 긴자·도쿄역,실제 사용자 선택값
QhzNheB7lJ,SULtlDqL8H,2026-08-29 14:14:59,도쿄,2026-09-15 00:00:00,2026-09-17 00:00:00,0,rating,2,Tokyo · 긴자·도쿄역,실제 사용자 입력·검색 로그,FQhzNheB7lJ,,,9.0,500000.0,6,Tokyo · 긴자·도쿄역,실제 사용자 선택값
QQH9lq7yvj,SULtlDqL8H,2026-08-29 14:14:44,도쿄,2026-09-15 00:00:00,2026-09-17 00:00:00,0,rating,2,Tokyo · 긴자·도쿄역,실제 사용자 입력·검색 로그,FQQH9lq7yvj,,,9.0,500000.0,6,Tokyo · 긴자·도쿄역,실제 사용자 선택값
QBCHAwUJn9,SULtlDqL8H,2026-08-29 14:14:16,도쿄,2026-09-15 00:00:00,2026-09-17 00:00:00,20,rating,2,Tokyo · 긴자·도쿄역,실제 사용자 입력·검색 로그,FQBCHAwUJn9,,,,,0,Tokyo · 긴자·도쿄역,실제 사용자 선택값
Q1kmQKk0rb,S8wi9Cgmyj,2026-08-29 12:52:18,요코하마,2026-10-08 00:00:00,2026-10-11 00:00:00,0,reviews,2,,실제 사용자 입력·검색 로그,FQ1kmQKk0rb,,,8.0,300000.0,3,,실제 사용자 선택값
Qpt90DDgsn,S8wi9Cgmyj,2026-08-29 12:52:04,요코하마,2026-10-08 00:00:00,2026-10-11 00:00:00,0,reviews,2,,실제 사용자 입력·검색 로그,FQpt90DDgsn,,,8.0,300000.0,3,,실제 사용자 선택값
Q0nO9cnSPd,S8wi9Cgmyj,2026-08-29 12:51:32,요코하마,2026-10-08 00:00:00,2026-10-11 00:00:00,0,reviews,2,,실제 사용자 입력·검색 로그,FQ0nO9cnSPd,,,8.0,300000.0,4,,실제 사용자 선택값
QQ5RXBXBR4,S8wi9Cgmyj,2026-08-29 12:51:16,요코하마,2026-10-08 00:00:00,2026-10-11 00:00:00,0,reviews,2,,실제 사용자 입력·검색 로그,FQQ5RXBXBR4,,,8.0,300000.0,4,,실제 사용자 선택값
QdVKYmGhra,S8wi9Cgmyj,2026-08-29 12:51:05,요코하마,2026-10-08 00:00:00,2026-10-11 00:00:00,0,reviews,2,,실제 사용자 입력·검색 로그,FQdVKYmGhra,,,8.0,300000.0,4,,실제 사용자 선택값
QD4U3ztNlp,S8wi9Cgmyj,2026-08-29 12:50:29,요코하마,2026-10-08 00:00:00,2026-10-11 00:00:00,0,reviews,2,,실제 사용자 입력·검색 로그,FQD4U3ztNlp,,,8.0,300000.0,4,,실제 사용자 선택값
Q0alv53UTl,S8wi9Cgmyj,2026-08-29 12:50:14,요코하마,2026-10-08 00:00:00,2026-10-11 00:00:00,0,reviews,2,,실제 사용자 입력·검색 로그,FQ0alv53UTl,,,8.0,300000.0,4,,실제 사용자 선택값
Qi6IhgLadE,S8wi9Cgmyj,2026-08-29 12:49:10,요코하마,2026-10-08 00:00:00,2026-10-11 00:00:00,0,rating,2,,실제 사용자 입력·검색 로그,FQi6IhgLadE,,,,,0,,실제 사용자 선택값
Q1ZmSWFT1T,S18Lz1cYYu,2026-08-29 10:36:12,,2026-09-18 00:00:00,2026-09-21 00:00:00,13,rating,1,Tokyo · 신주쿠,실제 사용자 입력·검색 로그,FQ1ZmSWFT1T,,,,,1,Tokyo · 신주쿠,실제 사용자 선택값
QvArPo2JT7,S18Lz1cYYu,2026-08-29 10:35:51,,2026-09-18 00:00:00,2026-09-21 00:00:00,20,rating,1,Tokyo · 신주쿠,실제 사용자 입력·검색 로그,FQvArPo2JT7,,,,,0,Tokyo · 신주쿠,실제 사용자 선택값
Q7f2HeFFFW,S18Lz1cYYu,2026-08-29 10:35:44,,2026-09-18 00:00:00,2026-09-21 00:00:00,20,rating,1,Tokyo · 신주쿠,실제 사용자 입력·검색 로그,FQ7f2HeFFFW,,,,,0,Tokyo · 신주쿠,실제 사용자 선택값
QNHhx3jdVH,SkcgUsGdun,2026-08-29 09:59:04,,2026-09-23 00:00:00,2026-09-25 00:00:00,20,rating,2,Fukuoka · 하카타역,실제 사용자 입력·검색 로그,FQNHhx3jdVH,,,,,1,Fukuoka · 하카타역,실제 사용자 선택값
Qkmoq7rfGj,SkcgUsGdun,2026-08-29 09:58:14,,2026-09-23 00:00:00,2026-09-25 00:00:00,20,rating,2,Fukuoka · 하카타역,실제 사용자 입력·검색 로그,FQkmoq7rfGj,,,,,0,Fukuoka · 하카타역,실제 사용자 선택값
QhCR0t5IkB,SkcgUsGdun,2026-08-29 09:58:07,,2026-09-23 00:00:00,2026-09-25 00:00:00,20,rating,2,Fukuoka · 하카타역,실제 사용자 입력·검색 로그,FQhCR0t5IkB,,,,,0,Fukuoka · 하카타역,실제 사용자 선택값
Q9R6aKDqdQ,SkcgUsGdun,2026-08-29 09:58:00,,2026-09-23 00:00:00,2026-09-25 00:00:00,20,rating,2,Fukuoka · 하카타역,실제 사용자 입력·검색 로그,FQ9R6aKDqdQ,,,,,0,Fukuoka · 하카타역,실제 사용자 선택값
QQ0zK37fEm,SkcgUsGdun,2026-08-29 09:57:46,,2026-09-23 00:00:00,2026-09-25 00:00:00,20,rating,2,Kyoto · 교토역,실제 사용자 입력·검색 로그,FQQ0zK37fEm,,,,,0,Kyoto · 교토역,실제 사용자 선택값
Q0ziQEmxKz,SkcgUsGdun,2026-08-29 09:55:53,,2026-09-23 00:00:00,2026-09-25 00:00:00,20,rating,2,Kyoto · 아라시야마,실제 사용자 입력·검색 로그,FQ0ziQEmxKz,,,,,0,Kyoto · 아라시야마,실제 사용자 선택값
QPFT3MmIOr,SkcgUsGdun,2026-08-29 09:55:40,,2026-09-23 00:00:00,2026-09-25 00:00:00,20,rating,2,Kyoto · 아라시야마,실제 사용자 입력·검색 로그,FQPFT3MmIOr,,,,,0,Kyoto · 아라시야마,실제 사용자 선택값
QMfp2J1ja2,SkcgUsGdun,2026-08-29 09:53:57,,2026-09-23 00:00:00,2026-09-25 00:00:00,7,rating,2,Osaka · 우메다,실제 사용자 입력·검색 로그,FQMfp2J1ja2,,,,,2,Osaka · 우메다,실제 사용자 선택값
QkIVhDt22g,SkcgUsGdun,2026-08-29 09:53:47,,2026-09-23 00:00:00,2026-09-25 00:00:00,0,rating,2,Osaka · 신사이바시,실제 사용자 입력·검색 로그,FQkIVhDt22g,,,,,2,Osaka · 신사이바시,실제 사용자 선택값
QbC8XA3KTg,SkcgUsGdun,2026-08-29 09:53:31,,2026-09-23 00:00:00,2026-09-25 00:00:00,0,rating,2,Osaka · 베이 에어리어,실제 사용자 입력·검색 로그,FQbC8XA3KTg,,,,,2,Osaka · 베이 에어리어,실제 사용자 선택값
Qv3ns58DE8,SkcgUsGdun,2026-08-29 09:53:09,,2026-09-23 00:00:00,2026-09-25 00:00:00,0,rating,2,Osaka · 베이 에어리어,실제 사용자 입력·검색 로그,FQv3ns58DE8,,,,,3,Osaka · 베이 에어리어,실제 사용자 선택값
QNJsD4kPg0,SkcgUsGdun,2026-08-29 09:52:54,,2026-09-23 00:00:00,2026-09-25 00:00:00,0,rating,2,Osaka · 혼마치,실제 사용자 입력·검색 로그,FQNJsD4kPg0,,,,,3,Osaka · 혼마치,실제 사용자 선택값
QDOaJ4gi3E,SkcgUsGdun,2026-08-29 09:52:45,,2026-09-23 00:00:00,2026-09-25 00:00:00,0,rating,2,Osaka · 난바,실제 사용자 입력·검색 로그,FQDOaJ4gi3E,,,,,3,Osaka · 난바,실제 사용자 선택값
Q3coLsdzsA,SkcgUsGdun,2026-08-29 09:52:30,,2026-09-23 00:00:00,2026-09-25 00:00:00,0,rating,2,Osaka · 우메다,실제 사용자 입력·검색 로그,FQ3coLsdzsA,,,,,3,Osaka · 우메다,실제 사용자 선택값
QLu3t2o66w,SkcgUsGdun,2026-08-29 09:52:10,,2026-09-23 00:00:00,2026-09-25 00:00:00,0,rating,2,Osaka · 우메다,실제 사용자 입력·검색 로그,FQLu3t2o66w,,,,,3,Osaka · 우메다,실제 사용자 선택값
QNZZ7f3AVs,SkcgUsGdun,2026-08-29 09:51:20,,2026-09-23 00:00:00,2026-09-25 00:00:00,7,rating,2,Osaka · 우메다,실제 사용자 입력·검색 로그,FQNZZ7f3AVs,,,,,2,Osaka · 우메다,실제 사용자 선택값
QxoEav5d6U,SkcgUsGdun,2026-08-29 09:51:12,,2026-09-23 00:00:00,2026-09-25 00:00:00,7,rating,2,Osaka,실제 사용자 입력·검색 로그,FQxoEav5d6U,,,,,2,Osaka,실제 사용자 선택값
Qz6XeRkveI,SkcgUsGdun,2026-08-29 09:50:50,,2026-09-23 00:00:00,2026-09-25 00:00:00,20,rating,2,Osaka · 신사이바시,실제 사용자 입력·검색 로그,FQz6XeRkveI,,,,,0,Osaka · 신사이바시,실제 사용자 선택값
QNFRCCVqbP,SkcgUsGdun,2026-08-29 09:50:31,,2026-09-23 00:00:00,2026-09-25 00:00:00,200,rating,2,Kyoto,실제 사용자 입력·검색 로그,FQNFRCCVqbP,,,,,0,Kyoto,실제 사용자 선택값
QS2Nf7ujam,SkcgUsGdun,2026-08-29 09:50:21,교토,2026-09-23 00:00:00,2026-09-25 00:00:00,134,rating,2,Kyoto,실제 사용자 입력·검색 로그,FQS2Nf7ujam,,,,,1,Kyoto,실제 사용자 선택값
Q1pmoZBGd2,SkcgUsGdun,2026-08-29 09:50:14,교토,2026-09-23 00:00:00,2026-09-25 00:00:00,134,rating,2,Kyoto,실제 사용자 입력·검색 로그,FQ1pmoZBGd2,,,,,1,Kyoto,실제 사용자 선택값
QSN7J6w0JM,SkcgUsGdun,2026-08-29 09:49:58,교토,2026-09-23 00:00:00,2026-09-25 00:00:00,27,rating,2,Kyoto,실제 사용자 입력·검색 로그,FQSN7J6w0JM,,,,,2,Kyoto,실제 사용자 선택값
QfwZVSviLs,SkcgUsGdun,2026-08-29 09:49:41,교토,2026-09-23 00:00:00,2026-09-25 00:00:00,0,rating,2,Kyoto,실제 사용자 입력·검색 로그,FQfwZVSviLs,,,,,3,Kyoto,실제 사용자 선택값
QzsgiJmvpS,SkcgUsGdun,2026-08-29 09:49:16,교토,2026-09-23 00:00:00,2026-09-25 00:00:00,200,rating,2,Kyoto,실제 사용자 입력·검색 로그,FQzsgiJmvpS,,,,,0,Kyoto,실제 사용자 선택값
QgVB7GVeCU,SEyPw9YcYF,2026-08-29 08:32:31,,2026-09-15 00:00:00,2026-09-18 00:00:00,20,rating,2,Fukuoka · 하카타역,실제 사용자 입력·검색 로그,FQgVB7GVeCU,,,,,0,Fukuoka · 하카타역,실제 사용자 선택값
QjccAp74FV,Sl9jy3eBXX,2026-08-28 23:24:43,,2026-09-14 00:00:00,2026-09-16 00:00:00,4,rating,2,Osaka · 난바,실제 사용자 입력·검색 로그,FQjccAp74FV,,,,,1,Osaka · 난바,실제 사용자 선택값
QXR60h3snv,Sl9jy3eBXX,2026-08-28 23:21:33,,2026-09-14 00:00:00,2026-09-16 00:00:00,3,rating,2,Fukuoka · 텐진,실제 사용자 입력·검색 로그,FQXR60h3snv,,,,,1,Fukuoka · 텐진,실제 사용자 선택값
QHJ9KMR6c0,Sl9jy3eBXX,2026-08-28 23:20:04,,2026-09-14 00:00:00,2026-09-16 00:00:00,20,rating,2,Fukuoka · 텐진,실제 사용자 입력·검색 로그,FQHJ9KMR6c0,,,,,0,Fukuoka · 텐진,실제 사용자 선택값
QP5zYUYuK3,SCNuY2yWG3,2026-08-28 22:06:13,후쿠오카,2026-09-15 00:00:00,2026-09-17 00:00:00,7,rating,2,,실제 사용자 입력·검색 로그,FQP5zYUYuK3,,,,,3,,실제 사용자 선택값
QWr1WK9Qt2,SCNuY2yWG3,2026-08-28 22:05:48,후쿠오카,2026-09-15 00:00:00,2026-09-17 00:00:00,200,rating,2,,실제 사용자 입력·검색 로그,FQWr1WK9Qt2,,,,,0,,실제 사용자 선택값
QXpCq5SenS,S7lDQeGcnC,2026-08-28 21:57:31,신주쿠,2026-09-15 00:00:00,2026-09-17 00:00:00,0,rating,2,Tokyo · 신주쿠,실제 사용자 입력·검색 로그,FQXpCq5SenS,,,9.0,,2,Tokyo · 신주쿠,실제 사용자 선택값
Q2ZWvN7WQv,S7lDQeGcnC,2026-08-28 21:57:24,신주쿠,2026-09-15 00:00:00,2026-09-17 00:00:00,0,rating,2,Tokyo · 신주쿠,실제 사용자 입력·검색 로그,FQ2ZWvN7WQv,,,9.0,,0,Tokyo · 신주쿠,실제 사용자 선택값
QN7QHax84N,S7lDQeGcnC,2026-08-28 21:57:05,신주쿠,2026-09-15 00:00:00,2026-09-17 00:00:00,2,rating,2,Tokyo · 신주쿠,실제 사용자 입력·검색 로그,FQN7QHax84N,,,,,0,Tokyo · 신주쿠,실제 사용자 선택값
QhM79a9imX,S7lDQeGcnC,2026-08-28 21:56:54,신주쿠,2026-09-15 00:00:00,2026-09-17 00:00:00,10,rating,2,,실제 사용자 입력·검색 로그,FQhM79a9imX,,,,,0,,실제 사용자 선택값
Qy9phiue1Y,S1Wd4jiS4x,2026-08-28 21:21:34,,2026-09-26 00:00:00,2026-09-28 00:00:00,33,rating,3,Sapporo,실제 사용자 입력·검색 로그,FQy9phiue1Y,,,,,2,Sapporo,실제 사용자 선택값
QAQYUagzxG,S1Wd4jiS4x,2026-08-28 21:15:05,,2026-09-26 00:00:00,2026-09-28 00:00:00,200,rating,3,Sapporo,실제 사용자 입력·검색 로그,FQAQYUagzxG,,,,,0,Sapporo,실제 사용자 선택값
QWBsF3FDla,S1Wd4jiS4x,2026-08-28 21:14:50,,2026-09-26 00:00:00,2026-09-28 00:00:00,0,rating,3,Sapporo,실제 사용자 입력·검색 로그,FQWBsF3FDla,,,7.0,,4,Sapporo,실제 사용자 선택값
QTREFrQEKy,S1Wd4jiS4x,2026-08-28 21:14:45,,2026-09-26 00:00:00,2026-09-28 00:00:00,0,rating,3,Kyoto,실제 사용자 입력·검색 로그,FQTREFrQEKy,,,7.0,,4,Kyoto,실제 사용자 선택값
QE2skmxqtN,S1Wd4jiS4x,2026-08-28 21:14:31,오사카,2026-09-26 00:00:00,2026-09-28 00:00:00,0,rating,3,Osaka,실제 사용자 입력·검색 로그,FQE2skmxqtN,,,7.0,,4,Osaka,실제 사용자 선택값
Qa8azF2WC3,S1Wd4jiS4x,2026-08-28 21:14:18,오사카,2026-09-26 00:00:00,2026-09-28 00:00:00,0,rating,3,Osaka,실제 사용자 입력·검색 로그,FQa8azF2WC3,,,7.0,,4,Osaka,실제 사용자 선택값
QUO2PegZM0,S1Wd4jiS4x,2026-08-28 21:13:54,오사카,2026-09-15 00:00:00,2026-09-17 00:00:00,0,rating,3,Osaka,실제 사용자 입력·검색 로그,FQUO2PegZM0,,,7.0,,4,Osaka,실제 사용자 선택값
QViuMM7Oz3,S1Wd4jiS4x,2026-08-28 21:13:30,오사카,2026-09-15 00:00:00,2026-09-17 00:00:00,0,rating,3,Osaka,실제 사용자 입력·검색 로그,FQViuMM7Oz3,,,7.0,,5,Osaka,실제 사용자 선택값
Qw6asIBogx,S1Wd4jiS4x,2026-08-28 21:13:12,오사카,2026-09-15 00:00:00,2026-09-17 00:00:00,0,rating,3,Osaka,실제 사용자 입력·검색 로그,FQw6asIBogx,,,7.0,,6,Osaka,실제 사용자 선택값
Q9p0GVJd87,S1Wd4jiS4x,2026-08-28 21:13:02,오사카,2026-09-15 00:00:00,2026-09-17 00:00:00,0,rating,3,Osaka,실제 사용자 입력·검색 로그,FQ9p0GVJd87,,,7.0,,7,Osaka,실제 사용자 선택값
Qggs5ViKs6,S1Wd4jiS4x,2026-08-28 21:12:55,오사카,2026-09-15 00:00:00,2026-09-17 00:00:00,0,rating,3,Osaka · 신오사카,실제 사용자 입력·검색 로그,FQggs5ViKs6,,,7.0,,7,Osaka · 신오사카,실제 사용자 선택값
QSVwupeLeB,S1Wd4jiS4x,2026-08-28 21:12:40,오사카,2026-09-15 00:00:00,2026-09-17 00:00:00,0,rating,3,Osaka,실제 사용자 입력·검색 로그,FQSVwupeLeB,,,7.0,,7,Osaka,실제 사용자 선택값
QTNHlfQlWK,S1Wd4jiS4x,2026-08-28 21:12:30,오사카,2026-09-15 00:00:00,2026-09-17 00:00:00,0,rating,3,Osaka,실제 사용자 입력·검색 로그,FQTNHlfQlWK,,,8.0,,7,Osaka,실제 사용자 선택값
Q2pHbv607e,S1Wd4jiS4x,2026-08-28 21:12:12,오사카,2026-09-15 00:00:00,2026-09-17 00:00:00,0,rating,3,,실제 사용자 입력·검색 로그,FQ2pHbv607e,,,8.0,,7,,실제 사용자 선택값
QeGll1HGG0,S1Wd4jiS4x,2026-08-28 21:12:00,도쿄,2026-09-15 00:00:00,2026-09-17 00:00:00,0,rating,3,,실제 사용자 입력·검색 로그,FQeGll1HGG0,,,8.0,,7,,실제 사용자 선택값
QqyC1G3Ogh,S1Wd4jiS4x,2026-08-28 21:11:28,도쿄,2026-09-15 00:00:00,2026-09-17 00:00:00,0,rating,3,,실제 사용자 입력·검색 로그,FQqyC1G3Ogh,,,8.0,,9,,실제 사용자 선택값
QvGWKdjvxi,S1Wd4jiS4x,2026-08-28 21:11:22,도쿄,2026-09-15 00:00:00,2026-09-17 00:00:00,0,rating,3,,실제 사용자 입력·검색 로그,FQvGWKdjvxi,,,8.0,,10,,실제 사용자 선택값
Q0Hk8yHrcS,S1Wd4jiS4x,2026-08-28 21:11:16,도쿄,2026-09-15 00:00:00,2026-09-17 00:00:00,0,rating,3,,실제 사용자 입력·검색 로그,FQ0Hk8yHrcS,,,8.0,,10,,실제 사용자 선택값
Q0we4ad3p2,S1Wd4jiS4x,2026-08-28 21:10:30,삿포로 스파,2026-09-15 00:00:00,2026-09-17 00:00:00,0,rating,3,,실제 사용자 입력·검색 로그,FQ0we4ad3p2,,,8.0,,10,,실제 사용자 선택값
QA7bQhTiLs,S1Wd4jiS4x,2026-08-28 21:10:12,삿포로 스파,2026-09-15 00:00:00,2026-09-17 00:00:00,0,rating,3,,실제 사용자 입력·검색 로그,FQA7bQhTiLs,,,8.0,150000.0,10,,실제 사용자 선택값
QHJY1Vy3gK,S1Wd4jiS4x,2026-08-28 21:10:02,삿포로 스파,2026-09-15 00:00:00,2026-09-17 00:00:00,0,rating,3,,실제 사용자 입력·검색 로그,FQHJY1Vy3gK,,,8.0,150000.0,10,,실제 사용자 선택값
QIofE2CcLU,S1Wd4jiS4x,2026-08-28 21:08:48,삿포로 스파,2026-09-15 00:00:00,2026-09-17 00:00:00,33,rating,3,,실제 사용자 입력·검색 로그,FQIofE2CcLU,,,,,0,,실제 사용자 선택값
QLRmTuz6bd,Sy64D5K31o,2026-08-28 21:03:19,,2026-09-15 00:00:00,2026-09-17 00:00:00,13,reviews,5,Fukuoka · 다자이후,실제 사용자 입력·검색 로그,FQLRmTuz6bd,,,,,0,Fukuoka · 다자이후,실제 사용자 선택값
QEelg8ZQ9v,Sy64D5K31o,2026-08-28 21:02:57,,2026-09-15 00:00:00,2026-09-17 00:00:00,13,reviews,5,Fukuoka · 다자이후,실제 사용자 입력·검색 로그,FQEelg8ZQ9v,,,,,0,Fukuoka · 다자이후,실제 사용자 선택값
Qc9unS1iN4,Sy64D5K31o,2026-08-28 21:02:28,,2026-09-15 00:00:00,2026-09-17 00:00:00,20,rating,5,Fukuoka · 다자이후,실제 사용자 입력·검색 로그,FQc9unS1iN4,,,,,0,Fukuoka · 다자이후,실제 사용자 선택값
QFQfGGxB7C,S5uStHxWd1,2026-08-28 20:56:21,삿포로,2026-09-15 00:00:00,2026-09-17 00:00:00,1,rating,2,Sapporo · 스스키노,실제 사용자 입력·검색 로그,FQFQfGGxB7C,,,8.0,200000.0,0,Sapporo · 스스키노,실제 사용자 선택값
QU5L077FC4,S5uStHxWd1,2026-08-28 20:56:01,삿포로,2026-09-15 00:00:00,2026-09-17 00:00:00,19,rating,2,Sapporo · 스스키노,실제 사용자 입력·검색 로그,FQU5L077FC4,,,,,0,Sapporo · 스스키노,실제 사용자 선택값
QHEes8JGl4,S35n2Yb6bf,2026-08-28 20:55:32,교토,2026-12-25 00:00:00,2026-12-27 00:00:00,136,rating,2,Kyoto,실제 사용자 입력·검색 로그,FQHEes8JGl4,,,8.0,,1,Kyoto,실제 사용자 선택값
Qgw6cthBke,S35n2Yb6bf,2026-08-28 20:55:16,에이스 호텔,2026-12-25 00:00:00,2026-12-27 00:00:00,0,rating,2,Kyoto,실제 사용자 입력·검색 로그,FQgw6cthBke,,,8.0,,1,Kyoto,실제 사용자 선택값
QeO8BWowuQ,S35n2Yb6bf,2026-08-28 20:55:04,에이스 호텔,2026-12-25 00:00:00,2026-12-27 00:00:00,0,rating,2,Kyoto,실제 사용자 입력·검색 로그,FQeO8BWowuQ,,,8.0,,1,Kyoto,실제 사용자 선택값
QWgnGg4bx4,S35n2Yb6bf,2026-08-28 20:54:25,에이스 호텔,2026-12-25 00:00:00,2026-12-27 00:00:00,0,rating,2,Kyoto,실제 사용자 입력·검색 로그,FQWgnGg4bx4,,,,,0,Kyoto,실제 사용자 선택값
QEe4A3pfOC,SU4Kh6CjQz,2026-08-28 20:52:55,신주쿠,2026-10-03 00:00:00,2026-10-05 00:00:00,2,rating,4,Tokyo · 신주쿠,실제 사용자 입력·검색 로그,FQEe4A3pfOC,,,8.0,,1,Tokyo · 신주쿠,실제 사용자 선택값
Qq3kiTTYV2,SU4Kh6CjQz,2026-08-28 20:52:19,신주쿠,2026-10-03 00:00:00,2026-10-05 00:00:00,2,rating,4,Tokyo · 신주쿠,실제 사용자 입력·검색 로그,FQq3kiTTYV2,,,8.0,,2,Tokyo · 신주쿠,실제 사용자 선택값
QBJ8OQa7v5,SU4Kh6CjQz,2026-08-28 20:52:06,신주쿠,2026-10-03 00:00:00,2026-10-05 00:00:00,2,rating,4,Tokyo · 신주쿠,실제 사용자 입력·검색 로그,FQBJ8OQa7v5,,,,,0,Tokyo · 신주쿠,실제 사용자 선택값
Qc0zjdpewR,S1owF49mXg,2026-08-28 20:38:40,온천,2026-09-15 00:00:00,2026-09-17 00:00:00,45,reviews,2,,실제 사용자 입력·검색 로그,FQc0zjdpewR,,,9.0,300000.0,0,,실제 사용자 선택값
QIzF4dO07g,S1owF49mXg,2026-08-28 20:37:54,온천,2026-09-15 00:00:00,2026-09-17 00:00:00,45,reviews,2,,실제 사용자 입력·검색 로그,FQIzF4dO07g,,,9.0,300000.0,0,,실제 사용자 선택값
QuPacEA6qw,S1owF49mXg,2026-08-28 20:37:42,온천,2026-09-15 00:00:00,2026-09-17 00:00:00,0,reviews,2,,실제 사용자 입력·검색 로그,FQuPacEA6qw,,,9.0,300000.0,1,,실제 사용자 선택값
Q85VtJzygQ,S1owF49mXg,2026-08-28 20:37:33,온천,2026-09-15 00:00:00,2026-09-17 00:00:00,0,reviews,2,,실제 사용자 입력·검색 로그,FQ85VtJzygQ,,,9.0,300000.0,2,,실제 사용자 선택값
QfY7e9nSuD,S1owF49mXg,2026-08-28 20:37:25,온천,2026-09-15 00:00:00,2026-09-17 00:00:00,0,reviews,2,,실제 사용자 입력·검색 로그,FQfY7e9nSuD,,,9.0,300000.0,3,,실제 사용자 선택값
QUD9FJSnhP,S1owF49mXg,2026-08-28 20:37:19,온천,2026-09-15 00:00:00,2026-09-17 00:00:00,0,reviews,2,,실제 사용자 입력·검색 로그,FQUD9FJSnhP,,,9.0,300000.0,4,,실제 사용자 선택값
Qm8QU0i9f1,S1owF49mXg,2026-08-28 20:37:07,온천,2026-09-15 00:00:00,2026-09-17 00:00:00,0,reviews,2,,실제 사용자 입력·검색 로그,FQm8QU0i9f1,,,9.0,300000.0,6,,실제 사용자 선택값
QsfgBXWBsE,SbCIb6zwy0,2026-08-28 20:35:46,,2026-11-23 00:00:00,2026-11-26 00:00:00,1,price,2,Sapporo · 스스키노,실제 사용자 입력·검색 로그,FQsfgBXWBsE,,,9.0,200000.0,0,Sapporo · 스스키노,실제 사용자 선택값
QXEmuiN91c,S1owF49mXg,2026-08-28 20:35:44,온천,2026-09-15 00:00:00,2026-09-17 00:00:00,125,rating,2,,실제 사용자 입력·검색 로그,FQXEmuiN91c,,,,,0,,실제 사용자 선택값
QdJcW3bHTQ,SbCIb6zwy0,2026-08-28 20:35:35,,2026-11-23 00:00:00,2026-11-26 00:00:00,0,price,2,Sapporo · 삿포로역,실제 사용자 입력·검색 로그,FQdJcW3bHTQ,,,9.0,200000.0,0,Sapporo · 삿포로역,실제 사용자 선택값
QE8FKEgEHY,SbCIb6zwy0,2026-08-28 20:34:12,,2026-11-23 00:00:00,2026-11-26 00:00:00,1,price,2,Sapporo · 오도리,실제 사용자 입력·검색 로그,FQE8FKEgEHY,,,9.0,200000.0,0,Sapporo · 오도리,실제 사용자 선택값
QtgT67Z9J2,SbCIb6zwy0,2026-08-28 20:33:49,오도리공원,2026-11-23 00:00:00,2026-11-26 00:00:00,1,price,2,Sapporo,실제 사용자 입력·검색 로그,FQtgT67Z9J2,,,9.0,200000.0,0,Sapporo,실제 사용자 선택값
Q20ze9WvuD,SbCIb6zwy0,2026-08-28 20:31:20,,2026-11-23 00:00:00,2026-11-26 00:00:00,9,price,2,Sapporo,실제 사용자 입력·검색 로그,FQ20ze9WvuD,,,9.0,200000.0,0,Sapporo,실제 사용자 선택값
QYnqAOLdk9,SbCIb6zwy0,2026-08-28 20:30:48,,2026-11-23 00:00:00,2026-11-26 00:00:00,32,reviews,2,Sapporo,실제 사용자 입력·검색 로그,FQYnqAOLdk9,,,,200000.0,0,Sapporo,실제 사용자 선택값
QIQUrGyX2R,SbCIb6zwy0,2026-08-28 20:30:29,,2026-11-23 00:00:00,2026-11-26 00:00:00,200,rating,2,Sapporo,실제 사용자 입력·검색 로그,FQIQUrGyX2R,,,,,0,Sapporo,실제 사용자 선택값
QVb4N776JF,SbCIb6zwy0,2026-08-28 20:28:11,,2026-09-15 00:00:00,2026-09-17 00:00:00,4,reviews,2,Tokyo · 시부야,실제 사용자 입력·검색 로그,FQVb4N776JF,,,9.0,200000.0,0,Tokyo · 시부야,실제 사용자 선택값
QeqY33BRal,SbCIb6zwy0,2026-08-28 20:27:46,,2026-09-15 00:00:00,2026-09-17 00:00:00,20,rating,2,Tokyo · 시부야,실제 사용자 입력·검색 로그,FQeqY33BRal,,,,,0,Tokyo · 시부야,실제 사용자 선택값
QU9ouTT4sN,STEqUIZTbY,2026-08-28 20:25:36,,2026-09-21 00:00:00,2026-09-25 00:00:00,2,rating,2,Kyoto · 교토역,실제 사용자 입력·검색 로그,FQU9ouTT4sN,,,,,1,Kyoto · 교토역,실제 사용자 선택값
QXLsAqGTu8,STEqUIZTbY,2026-08-28 20:25:29,,2026-09-21 00:00:00,2026-09-25 00:00:00,0,rating,2,Kyoto · 교토역,실제 사용자 입력·검색 로그,FQXLsAqGTu8,,,,,2,Kyoto · 교토역,실제 사용자 선택값
Q504QO0eho,STEqUIZTbY,2026-08-28 20:25:09,,2026-09-21 00:00:00,2026-09-25 00:00:00,20,rating,2,Kyoto · 교토역,실제 사용자 입력·검색 로그,FQ504QO0eho,,,,,0,Kyoto · 교토역,실제 사용자 선택값
QM024jAVa9,SbCIb6zwy0,2026-08-28 20:23:45,,2026-10-27 00:00:00,2026-10-29 00:00:00,0,rating,2,Osaka,실제 사용자 입력·검색 로그,FQM024jAVa9,,,8.0,200000.0,4,Osaka,실제 사용자 선택값
Qx2ylHJaeU,SbCIb6zwy0,2026-08-28 20:23:14,,2026-10-27 00:00:00,2026-10-29 00:00:00,0,reviews,2,Osaka · 신사이바시,실제 사용자 입력·검색 로그,FQx2ylHJaeU,,,9.0,200000.0,3,Osaka · 신사이바시,실제 사용자 선택값
QszxMx07ps,SbCIb6zwy0,2026-08-28 20:22:40,,2026-09-15 00:00:00,2026-09-17 00:00:00,0,reviews,2,Osaka · 신사이바시,실제 사용자 입력·검색 로그,FQszxMx07ps,,,9.0,200000.0,3,Osaka · 신사이바시,실제 사용자 선택값
QvbLNeWFHO,SbCIb6zwy0,2026-08-28 20:22:27,신사이바시,2026-09-15 00:00:00,2026-09-17 00:00:00,0,reviews,2,Osaka · 신사이바시,실제 사용자 입력·검색 로그,FQvbLNeWFHO,,,9.0,200000.0,3,Osaka · 신사이바시,실제 사용자 선택값
QBbv00qVqv,SbCIb6zwy0,2026-08-28 20:22:16,신사이바시,2026-09-15 00:00:00,2026-09-17 00:00:00,0,reviews,2,Osaka · 신사이바시,실제 사용자 입력·검색 로그,FQBbv00qVqv,,,9.0,200000.0,4,Osaka · 신사이바시,실제 사용자 선택값
QFMU1dCdR3,STEqUIZTbY,2026-08-28 20:22:10,,2026-09-21 00:00:00,2026-09-25 00:00:00,20,rating,2,Osaka · 오사카성,실제 사용자 입력·검색 로그,FQFMU1dCdR3,,,,,0,Osaka · 오사카성,실제 사용자 선택값
QZVTvvChUQ,SbCIb6zwy0,2026-08-28 20:22:02,신사이바시,2026-09-15 00:00:00,2026-09-17 00:00:00,0,reviews,2,Osaka · 신사이바시,실제 사용자 입력·검색 로그,FQZVTvvChUQ,,,9.0,100000.0,4,Osaka · 신사이바시,실제 사용자 선택값
Qw4zvSJSN6,STEqUIZTbY,2026-08-28 20:21:52,,2026-09-21 00:00:00,2026-09-25 00:00:00,1000,rating,2,,실제 사용자 입력·검색 로그,FQw4zvSJSN6,,,,,0,,실제 사용자 선택값
Q7eMXZBvMB,SbCIb6zwy0,2026-08-28 20:21:49,신사이바시,2026-09-15 00:00:00,2026-09-17 00:00:00,0,reviews,2,Osaka · 신사이바시,실제 사용자 입력·검색 로그,FQ7eMXZBvMB,,,9.0,100000.0,4,Osaka · 신사이바시,실제 사용자 선택값
QQTUE2ToUl,SbCIb6zwy0,2026-08-28 20:21:43,신사이바시,2026-09-15 00:00:00,2026-09-17 00:00:00,0,reviews,2,Osaka · 신사이바시,실제 사용자 입력·검색 로그,FQQTUE2ToUl,,,9.0,100000.0,4,Osaka · 신사이바시,실제 사용자 선택값
QEhf8Qa94O,SbCIb6zwy0,2026-08-28 20:20:24,신사이바시,2026-09-15 00:00:00,2026-09-17 00:00:00,20,rating,2,Osaka · 신사이바시,실제 사용자 입력·검색 로그,FQEhf8Qa94O,,,,,0,Osaka · 신사이바시,실제 사용자 선택값
QfyEdhfadA,STEqUIZTbY,2026-08-28 20:20:03,,2026-09-21 00:00:00,2026-09-25 00:00:00,20,rating,2,Osaka · 오사카성,실제 사용자 입력·검색 로그,FQfyEdhfadA,,,,,0,Osaka · 오사카성,실제 사용자 선택값
QyoWpIknRm,STEqUIZTbY,2026-08-28 20:19:41,,2026-09-21 00:00:00,2026-09-25 00:00:00,20,rating,2,Osaka · 오사카성,실제 사용자 입력·검색 로그,FQyoWpIknRm,,,,,0,Osaka · 오사카성,실제 사용자 선택값
Q24gQrT5q7,SSDnuZnJUx,2026-08-28 19:31:53,오사카,2026-09-15 00:00:00,2026-09-17 00:00:00,3,reviews,2,Osaka · 난바,실제 사용자 입력·검색 로그,FQ24gQrT5q7,,,8.0,200000.0,3,Osaka · 난바,실제 사용자 선택값
QhjQC7ISJ6,SSDnuZnJUx,2026-08-28 19:30:58,오사카,2026-09-15 00:00:00,2026-09-17 00:00:00,20,rating,2,Osaka · 난바,실제 사용자 입력·검색 로그,FQhjQC7ISJ6,,,,,0,Osaka · 난바,실제 사용자 선택값
Qxu77L6taS,SYtOsNOrtV,2026-08-28 19:28:22,오사카,2026-09-15 00:00:00,2026-09-17 00:00:00,0,reviews,2,Osaka · 도톤보리,실제 사용자 입력·검색 로그,FQxu77L6taS,,,8.0,200000.0,3,Osaka · 도톤보리,실제 사용자 선택값
Qls5gz8SJD,SYtOsNOrtV,2026-08-28 19:26:53,오사카,2026-09-15 00:00:00,2026-09-17 00:00:00,20,rating,2,Osaka · 도톤보리,실제 사용자 입력·검색 로그,FQls5gz8SJD,,,,,0,Osaka · 도톤보리,실제 사용자 선택값
QHaA7LVU77,SET0xscWXw,2026-08-28 19:16:17,,2026-11-03 00:00:00,2026-11-06 00:00:00,6,rating,2,Tokyo · 신주쿠,실제 사용자 입력·검색 로그,FQHaA7LVU77,,,8.0,200000.0,2,Tokyo · 신주쿠,실제 사용자 선택값
Q5gRr1F1T9,SET0xscWXw,2026-08-28 19:16:07,,2026-11-03 00:00:00,2026-11-06 00:00:00,0,rating,2,Tokyo · 신주쿠,실제 사용자 입력·검색 로그,FQ5gRr1F1T9,,,8.0,200000.0,3,Tokyo · 신주쿠,실제 사용자 선택값
QZBsNvYNxW,SET0xscWXw,2026-08-28 19:16:03,,2026-11-03 00:00:00,2026-11-06 00:00:00,0,rating,2,Tokyo · 신주쿠,실제 사용자 입력·검색 로그,FQZBsNvYNxW,,,8.0,200000.0,3,Tokyo · 신주쿠,실제 사용자 선택값
QzSc7wHrY0,SET0xscWXw,2026-08-28 19:15:53,,2026-11-03 00:00:00,2026-11-06 00:00:00,0,rating,2,Tokyo · 신주쿠,실제 사용자 입력·검색 로그,FQzSc7wHrY0,,,8.0,200000.0,3,Tokyo · 신주쿠,실제 사용자 선택값
QQFpVOZ85A,SET0xscWXw,2026-08-28 19:15:46,,2026-11-03 00:00:00,2026-11-06 00:00:00,0,rating,2,Tokyo · 신주쿠,실제 사용자 입력·검색 로그,FQQFpVOZ85A,,,8.0,200000.0,3,Tokyo · 신주쿠,실제 사용자 선택값
Qu7IZVdIfa,SET0xscWXw,2026-08-28 19:15:02,,2026-11-03 00:00:00,2026-11-06 00:00:00,20,rating,2,Tokyo · 신주쿠,실제 사용자 입력·검색 로그,FQu7IZVdIfa,,,,,0,Tokyo · 신주쿠,실제 사용자 선택값
Qef6nhfBaf,SAGoMPtwtv,2026-08-28 18:59:19,,2026-09-17 00:00:00,2026-09-20 00:00:00,7,rating,2,Osaka · 난바,실제 사용자 입력·검색 로그,FQef6nhfBaf,,,8.0,300000.0,2,Osaka · 난바,실제 사용자 선택값
Qr8f8e0yPK,SAGoMPtwtv,2026-08-28 18:58:02,,2026-09-17 00:00:00,2026-09-20 00:00:00,7,rating,2,Osaka · 난바,실제 사용자 입력·검색 로그,FQr8f8e0yPK,,,8.0,300000.0,2,Osaka · 난바,실제 사용자 선택값
Q5su591bLG,SAGoMPtwtv,2026-08-28 18:57:53,,2026-09-17 00:00:00,2026-09-20 00:00:00,7,rating,2,Osaka · 난바,실제 사용자 입력·검색 로그,FQ5su591bLG,,,8.0,300000.0,2,Osaka · 난바,실제 사용자 선택값
QJimeDlDOV,SAGoMPtwtv,2026-08-28 18:57:34,,2026-09-17 00:00:00,2026-09-20 00:00:00,1,rating,2,Osaka · 난바,실제 사용자 입력·검색 로그,FQJimeDlDOV,,,8.0,300000.0,6,Osaka · 난바,실제 사용자 선택값
Qp4nY8fw73,SAGoMPtwtv,2026-08-28 18:56:34,,2026-09-17 00:00:00,2026-09-20 00:00:00,1,rating,2,Osaka · 난바,실제 사용자 입력·검색 로그,FQp4nY8fw73,,,8.0,300000.0,6,Osaka · 난바,실제 사용자 선택값
QZexs2DQR6,SAGoMPtwtv,2026-08-28 18:56:23,,2026-09-17 00:00:00,2026-09-20 00:00:00,0,rating,2,Osaka · 난바,실제 사용자 입력·검색 로그,FQZexs2DQR6,,,8.0,300000.0,7,Osaka · 난바,실제 사용자 선택값
QuVxROuQ7j,SAGoMPtwtv,2026-08-28 18:56:15,,2026-09-17 00:00:00,2026-09-20 00:00:00,0,rating,2,Osaka · 난바,실제 사용자 입력·검색 로그,FQuVxROuQ7j,,,9.0,300000.0,7,Osaka · 난바,실제 사용자 선택값
Q31Aqviple,SAGoMPtwtv,2026-08-28 18:55:55,,2026-09-17 00:00:00,2026-09-20 00:00:00,0,rating,2,Osaka · 난바,실제 사용자 입력·검색 로그,FQ31Aqviple,,,9.0,300000.0,8,Osaka · 난바,실제 사용자 선택값
QoNkA0Hv40,SAGoMPtwtv,2026-08-28 18:55:44,오사카,2026-09-17 00:00:00,2026-09-20 00:00:00,0,rating,2,Osaka · 난바,실제 사용자 입력·검색 로그,FQoNkA0Hv40,,,9.0,300000.0,8,Osaka · 난바,실제 사용자 선택값
Qp9D5k4c1O,SAGoMPtwtv,2026-08-28 18:55:30,오사카,2026-09-17 00:00:00,2026-09-20 00:00:00,0,rating,2,Osaka · 난바,실제 사용자 입력·검색 로그,FQp9D5k4c1O,,,9.0,300000.0,8,Osaka · 난바,실제 사용자 선택값
QD0YRMjvrt,SAGoMPtwtv,2026-08-28 18:54:42,오사카,2026-09-17 00:00:00,2026-09-20 00:00:00,20,rating,2,Osaka · 난바,실제 사용자 입력·검색 로그,FQD0YRMjvrt,,,,,0,Osaka · 난바,실제 사용자 선택값
QU2RASM7ei,SiYg4jHrQh,2026-08-28 18:47:43,,2026-09-15 00:00:00,2026-09-17 00:00:00,20,rating,2,Tokyo · 긴자·도쿄역,실제 사용자 입력·검색 로그,FQU2RASM7ei,,,,,0,Tokyo · 긴자·도쿄역,실제 사용자 선택값
QnqMOZhcIJ,SU4Kh6CjQz,2026-08-28 18:39:46,신주쿠,2026-10-03 00:00:00,2026-10-05 00:00:00,2,rating,4,Tokyo · 신주쿠,실제 사용자 입력·검색 로그,FQnqMOZhcIJ,,,,,0,Tokyo · 신주쿠,실제 사용자 선택값
Qktaikj4nh,SU4Kh6CjQz,2026-08-28 18:39:39,신주쿠,2026-10-03 00:00:00,2026-10-05 00:00:00,2,rating,4,Tokyo · 신주쿠,실제 사용자 입력·검색 로그,FQktaikj4nh,,,8.0,,0,Tokyo · 신주쿠,실제 사용자 선택값
Q8xtjCAOnE,SU4Kh6CjQz,2026-08-28 18:39:22,신주쿠,2026-10-03 00:00:00,2026-10-05 00:00:00,2,rating,4,Tokyo · 신주쿠,실제 사용자 입력·검색 로그,FQ8xtjCAOnE,,,8.0,,2,Tokyo · 신주쿠,실제 사용자 선택값
QqlwUL4k8Z,SU4Kh6CjQz,2026-08-28 18:39:10,신주쿠,2026-10-03 00:00:00,2026-10-05 00:00:00,2,rating,4,Tokyo · 신주쿠,실제 사용자 입력·검색 로그,FQqlwUL4k8Z,,,8.0,,2,Tokyo · 신주쿠,실제 사용자 선택값
QcyUI8eGde,SU4Kh6CjQz,2026-08-28 18:38:44,신주쿠,2026-10-03 00:00:00,2026-10-05 00:00:00,2,rating,4,Tokyo · 신주쿠,실제 사용자 입력·검색 로그,FQcyUI8eGde,,,,,0,Tokyo · 신주쿠,실제 사용자 선택값
QM2sjX0ZDi,S1ubxerzjp,2026-08-28 18:34:45,,2026-10-16 00:00:00,2026-10-18 00:00:00,0,rating,1,Tokyo · 시부야,실제 사용자 입력·검색 로그,FQM2sjX0ZDi,,,8.0,200000.0,6,Tokyo · 시부야,실제 사용자 선택값
QX9VhQsOeU,S1ubxerzjp,2026-08-28 18:34:35,,2026-10-16 00:00:00,2026-10-18 00:00:00,0,rating,1,Tokyo · 시부야,실제 사용자 입력·검색 로그,FQX9VhQsOeU,,,8.0,200000.0,6,Tokyo · 시부야,실제 사용자 선택값
QI2auVPTo7,S1ubxerzjp,2026-08-28 18:34:29,,2026-10-16 00:00:00,2026-10-18 00:00:00,0,rating,1,Tokyo · 시부야,실제 사용자 입력·검색 로그,FQI2auVPTo7,,,8.0,200000.0,6,Tokyo · 시부야,실제 사용자 선택값
QBTb7ywz5i,S1ubxerzjp,2026-08-28 18:34:17,,2026-10-16 00:00:00,2026-10-18 00:00:00,0,rating,1,Tokyo · 신주쿠,실제 사용자 입력·검색 로그,FQBTb7ywz5i,,,8.0,200000.0,6,Tokyo · 신주쿠,실제 사용자 선택값
QSwrDZHjxa,S1ubxerzjp,2026-08-28 18:34:09,,2026-10-16 00:00:00,2026-10-18 00:00:00,0,rating,1,Tokyo · 신주쿠,실제 사용자 입력·검색 로그,FQSwrDZHjxa,,,8.0,200000.0,6,Tokyo · 신주쿠,실제 사용자 선택값
QDfmBpKxkV,S1ubxerzjp,2026-08-28 18:33:54,하라주쿠,2026-10-16 00:00:00,2026-10-18 00:00:00,0,rating,1,Tokyo · 신주쿠,실제 사용자 입력·검색 로그,FQDfmBpKxkV,,,8.0,200000.0,6,Tokyo · 신주쿠,실제 사용자 선택값
QFmOUuXwC0,S1ubxerzjp,2026-08-28 18:33:49,하라주쿠,2026-10-16 00:00:00,2026-10-18 00:00:00,0,rating,1,Tokyo · 신주쿠,실제 사용자 입력·검색 로그,FQFmOUuXwC0,,,8.0,200000.0,6,Tokyo · 신주쿠,실제 사용자 선택값
QVKRzz0fER,S1ubxerzjp,2026-08-28 18:33:30,하라주쿠,2026-10-16 00:00:00,2026-10-18 00:00:00,0,rating,1,,실제 사용자 입력·검색 로그,FQVKRzz0fER,,,8.0,200000.0,6,,실제 사용자 선택값
QVqaigocSV,S1ubxerzjp,2026-08-28 18:33:13,하라주쿠,2026-10-16 00:00:00,2026-10-18 00:00:00,0,rating,1,,실제 사용자 입력·검색 로그,FQVqaigocSV,,,8.0,200000.0,6,,실제 사용자 선택값
Q2GRU8o0Nj,S1ubxerzjp,2026-08-28 18:32:19,하라주쿠,2026-10-16 00:00:00,2026-10-18 00:00:00,0,rating,1,,실제 사용자 입력·검색 로그,FQ2GRU8o0Nj,,,,,0,,실제 사용자 선택값
QXWFj3kYp7,SU4Kh6CjQz,2026-08-28 18:21:53,도쿄,2026-10-03 00:00:00,2026-10-05 00:00:00,20,rating,4,Tokyo · 신주쿠,실제 사용자 입력·검색 로그,FQXWFj3kYp7,,,,500000.0,2,Tokyo · 신주쿠,실제 사용자 선택값
Qo2WTKTIMg,S3qXRdxw3F,2026-08-28 18:21:53,도쿄,2026-10-26 00:00:00,2026-10-28 00:00:00,2,price_high,2,Tokyo · 긴자·도쿄역,실제 사용자 입력·검색 로그,FQo2WTKTIMg,,,,500000.0,1,Tokyo · 긴자·도쿄역,실제 사용자 선택값
QeVSvCuOet,SU4Kh6CjQz,2026-08-28 18:21:42,도쿄,2026-10-03 00:00:00,2026-10-05 00:00:00,20,rating,4,Tokyo · 신주쿠,실제 사용자 입력·검색 로그,FQeVSvCuOet,,,,500000.0,2,Tokyo · 신주쿠,실제 사용자 선택값
QuH3nnhxsi,S3qXRdxw3F,2026-08-28 18:21:36,도쿄,2026-10-26 00:00:00,2026-10-28 00:00:00,6,price_high,2,Tokyo · 긴자·도쿄역,실제 사용자 입력·검색 로그,FQuH3nnhxsi,,,,500000.0,0,Tokyo · 긴자·도쿄역,실제 사용자 선택값
QjAiUJuB3j,SU4Kh6CjQz,2026-08-28 18:21:27,도쿄,2026-10-03 00:00:00,2026-10-05 00:00:00,20,rating,4,Tokyo · 신주쿠,실제 사용자 입력·검색 로그,FQjAiUJuB3j,,,,500000.0,3,Tokyo · 신주쿠,실제 사용자 선택값
QILNQUZiVw,S3qXRdxw3F,2026-08-28 18:21:20,도쿄,2026-10-26 00:00:00,2026-10-28 00:00:00,6,price_high,5,Tokyo · 긴자·도쿄역,실제 사용자 입력·검색 로그,FQILNQUZiVw,,,,500000.0,0,Tokyo · 긴자·도쿄역,실제 사용자 선택값
QFevBckUUl,S3qXRdxw3F,2026-08-28 18:21:12,도쿄,2026-10-26 00:00:00,2026-10-28 00:00:00,6,price,5,Tokyo · 긴자·도쿄역,실제 사용자 입력·검색 로그,FQFevBckUUl,,,,500000.0,0,Tokyo · 긴자·도쿄역,실제 사용자 선택값
Q1eBzpF3TZ,SU4Kh6CjQz,2026-08-28 18:21:12,도쿄,2026-10-03 00:00:00,2026-10-05 00:00:00,13,rating,4,Tokyo · 신주쿠,실제 사용자 입력·검색 로그,FQ1eBzpF3TZ,,,8.0,500000.0,3,Tokyo · 신주쿠,실제 사용자 선택값
Ql1iySF0Hs,S3qXRdxw3F,2026-08-28 18:21:02,도쿄,2026-10-26 00:00:00,2026-10-28 00:00:00,2,price,5,Tokyo · 긴자·도쿄역,실제 사용자 입력·검색 로그,FQl1iySF0Hs,,,,150000.0,1,Tokyo · 긴자·도쿄역,실제 사용자 선택값
Q62XNf9b75,SU4Kh6CjQz,2026-08-28 18:20:59,도쿄,2026-10-03 00:00:00,2026-10-05 00:00:00,13,rating,4,Tokyo · 신주쿠,실제 사용자 입력·검색 로그,FQ62XNf9b75,,,8.0,500000.0,3,Tokyo · 신주쿠,실제 사용자 선택값
QEUIxt7cQL,SU4Kh6CjQz,2026-08-28 18:20:02,도쿄,2026-10-03 00:00:00,2026-10-05 00:00:00,20,rating,4,Tokyo · 신주쿠,실제 사용자 입력·검색 로그,FQEUIxt7cQL,,,,,0,Tokyo · 신주쿠,실제 사용자 선택값
QPZN9Elyzn,S3qXRdxw3F,2026-08-28 18:19:35,도쿄,2026-10-26 00:00:00,2026-10-28 00:00:00,2,price,5,Tokyo · 긴자·도쿄역,실제 사용자 입력·검색 로그,FQPZN9Elyzn,,,,150000.0,1,Tokyo · 긴자·도쿄역,실제 사용자 선택값
Q2C8brPDg5,S3qXRdxw3F,2026-08-28 18:19:32,도쿄,2026-10-26 00:00:00,2026-10-28 00:00:00,0,price,5,Tokyo · 긴자·도쿄역,실제 사용자 입력·검색 로그,FQ2C8brPDg5,,,,150000.0,2,Tokyo · 긴자·도쿄역,실제 사용자 선택값
QJEQt6klls,S3qXRdxw3F,2026-08-28 18:19:21,도쿄,2026-10-26 00:00:00,2026-10-28 00:00:00,0,price,5,Tokyo · 긴자·도쿄역,실제 사용자 입력·검색 로그,FQJEQt6klls,,,,150000.0,3,Tokyo · 긴자·도쿄역,실제 사용자 선택값
Qre2qYcg89,S3qXRdxw3F,2026-08-28 18:18:23,도쿄,2026-10-26 00:00:00,2026-10-28 00:00:00,20,rating,5,Tokyo · 긴자·도쿄역,실제 사용자 입력·검색 로그,FQre2qYcg89,,,,,0,Tokyo · 긴자·도쿄역,실제 사용자 선택값
