session_id,search_id,search_time,total_result_count,next_search_id,next_search_time,next_total_result_count,next_recovered,transition_type,changed_fields,query_text,destination,checkin_date,checkout_date,sort_option,guest_count,property_type,property_grade,user_rating_min,price,amenity_count,region,next_query_text,next_destination,next_checkin_date,next_checkout_date,next_sort_option,next_guest_count,next_property_type,next_property_grade,next_user_rating_min,next_price,next_amenity_count,next_region
S1Wd4jiS4x,QHJY1Vy3gK,2026-08-28 21:10:02,0,QA7bQhTiLs,2026-08-28 21:10:12,0,False,동일조건 반복,,삿포로 스파,,2026-09-15 00:00:00,2026-09-17 00:00:00,rating,3,,,8.0,150000.0,10,,삿포로 스파,,2026-09-15 00:00:00,2026-09-17 00:00:00,rating,3,,,8.0,150000.0,10.0,
S1Wd4jiS4x,QA7bQhTiLs,2026-08-28 21:10:12,0,Q0we4ad3p2,2026-08-28 21:10:30,0,False,조건 완화,price,삿포로 스파,,2026-09-15 00:00:00,2026-09-17 00:00:00,rating,3,,,8.0,150000.0,10,,삿포로 스파,,2026-09-15 00:00:00,2026-09-17 00:00:00,rating,3,,,8.0,,10.0,
S1Wd4jiS4x,Q0we4ad3p2,2026-08-28 21:10:30,0,Q0Hk8yHrcS,2026-08-28 21:11:16,0,False,검색어 수정,query_text,삿포로 스파,,2026-09-15 00:00:00,2026-09-17 00:00:00,rating,3,,,8.0,,10,,도쿄,,2026-09-15 00:00:00,2026-09-17 00:00:00,rating,3,,,8.0,,10.0,
S1Wd4jiS4x,Q0Hk8yHrcS,2026-08-28 21:11:16,0,QvGWKdjvxi,2026-08-28 21:11:22,0,False,동일조건 반복,,도쿄,,2026-09-15 00:00:00,2026-09-17 00:00:00,rating,3,,,8.0,,10,,도쿄,,2026-09-15 00:00:00,2026-09-17 00:00:00,rating,3,,,8.0,,10.0,
S1Wd4jiS4x,QvGWKdjvxi,2026-08-28 21:11:22,0,QqyC1G3Ogh,2026-08-28 21:11:28,0,False,조건 완화,amenity_count,도쿄,,2026-09-15 00:00:00,2026-09-17 00:00:00,rating,3,,,8.0,,10,,도쿄,,2026-09-15 00:00:00,2026-09-17 00:00:00,rating,3,,,8.0,,9.0,
S1Wd4jiS4x,QqyC1G3Ogh,2026-08-28 21:11:28,0,QeGll1HGG0,2026-08-28 21:12:00,0,False,조건 완화,amenity_count,도쿄,,2026-09-15 00:00:00,2026-09-17 00:00:00,rating,3,,,8.0,,9,,도쿄,,2026-09-15 00:00:00,2026-09-17 00:00:00,rating,3,,,8.0,,7.0,
S1Wd4jiS4x,QeGll1HGG0,2026-08-28 21:12:00,0,Q2pHbv607e,2026-08-28 21:12:12,0,False,검색어 수정,query_text,도쿄,,2026-09-15 00:00:00,2026-09-17 00:00:00,rating,3,,,8.0,,7,,오사카,,2026-09-15 00:00:00,2026-09-17 00:00:00,rating,3,,,8.0,,7.0,
S1Wd4jiS4x,Q2pHbv607e,2026-08-28 21:12:12,0,QTNHlfQlWK,2026-08-28 21:12:30,0,False,지역 변경,destination|region,오사카,,2026-09-15 00:00:00,2026-09-17 00:00:00,rating,3,,,8.0,,7,,오사카,Osaka,2026-09-15 00:00:00,2026-09-17 00:00:00,rating,3,,,8.0,,7.0,Osaka
S1Wd4jiS4x,QTNHlfQlWK,2026-08-28 21:12:30,0,QSVwupeLeB,2026-08-28 21:12:40,0,False,조건 완화,user_rating_min,오사카,Osaka,2026-09-15 00:00:00,2026-09-17 00:00:00,rating,3,,,8.0,,7,Osaka,오사카,Osaka,2026-09-15 00:00:00,2026-09-17 00:00:00,rating,3,,,7.0,,7.0,Osaka
S1Wd4jiS4x,QSVwupeLeB,2026-08-28 21:12:40,0,Qggs5ViKs6,2026-08-28 21:12:55,0,False,지역 변경,destination|region,오사카,Osaka,2026-09-15 00:00:00,2026-09-17 00:00:00,rating,3,,,7.0,,7,Osaka,오사카,Osaka · 신오사카,2026-09-15 00:00:00,2026-09-17 00:00:00,rating,3,,,7.0,,7.0,Osaka · 신오사카
S1Wd4jiS4x,Qggs5ViKs6,2026-08-28 21:12:55,0,Q9p0GVJd87,2026-08-28 21:13:02,0,False,지역 변경,destination|region,오사카,Osaka · 신오사카,2026-09-15 00:00:00,2026-09-17 00:00:00,rating,3,,,7.0,,7,Osaka · 신오사카,오사카,Osaka,2026-09-15 00:00:00,2026-09-17 00:00:00,rating,3,,,7.0,,7.0,Osaka
S1Wd4jiS4x,Q9p0GVJd87,2026-08-28 21:13:02,0,Qw6asIBogx,2026-08-28 21:13:12,0,False,조건 완화,amenity_count,오사카,Osaka,2026-09-15 00:00:00,2026-09-17 00:00:00,rating,3,,,7.0,,7,Osaka,오사카,Osaka,2026-09-15 00:00:00,2026-09-17 00:00:00,rating,3,,,7.0,,6.0,Osaka
S1Wd4jiS4x,Qw6asIBogx,2026-08-28 21:13:12,0,QViuMM7Oz3,2026-08-28 21:13:30,0,False,조건 완화,amenity_count,오사카,Osaka,2026-09-15 00:00:00,2026-09-17 00:00:00,rating,3,,,7.0,,6,Osaka,오사카,Osaka,2026-09-15 00:00:00,2026-09-17 00:00:00,rating,3,,,7.0,,5.0,Osaka
S1Wd4jiS4x,QViuMM7Oz3,2026-08-28 21:13:30,0,QUO2PegZM0,2026-08-28 21:13:54,0,False,조건 완화,amenity_count,오사카,Osaka,2026-09-15 00:00:00,2026-09-17 00:00:00,rating,3,,,7.0,,5,Osaka,오사카,Osaka,2026-09-15 00:00:00,2026-09-17 00:00:00,rating,3,,,7.0,,4.0,Osaka
S1Wd4jiS4x,QUO2PegZM0,2026-08-28 21:13:54,0,Qa8azF2WC3,2026-08-28 21:14:18,0,False,동일조건 반복,,오사카,Osaka,2026-09-15 00:00:00,2026-09-17 00:00:00,rating,3,,,7.0,,4,Osaka,오사카,Osaka,2026-09-26 00:00:00,2026-09-28 00:00:00,rating,3,,,7.0,,4.0,Osaka
S1Wd4jiS4x,Qa8azF2WC3,2026-08-28 21:14:18,0,QE2skmxqtN,2026-08-28 21:14:31,0,False,동일조건 반복,,오사카,Osaka,2026-09-26 00:00:00,2026-09-28 00:00:00,rating,3,,,7.0,,4,Osaka,오사카,Osaka,2026-09-26 00:00:00,2026-09-28 00:00:00,rating,3,,,7.0,,4.0,Osaka
S1Wd4jiS4x,QE2skmxqtN,2026-08-28 21:14:31,0,QTREFrQEKy,2026-08-28 21:14:45,0,False,지역 변경,query_text|destination|region,오사카,Osaka,2026-09-26 00:00:00,2026-09-28 00:00:00,rating,3,,,7.0,,4,Osaka,,Kyoto,2026-09-26 00:00:00,2026-09-28 00:00:00,rating,3,,,7.0,,4.0,Kyoto
S1Wd4jiS4x,QTREFrQEKy,2026-08-28 21:14:45,0,QWBsF3FDla,2026-08-28 21:14:50,0,False,지역 변경,destination|region,,Kyoto,2026-09-26 00:00:00,2026-09-28 00:00:00,rating,3,,,7.0,,4,Kyoto,,Sapporo,2026-09-26 00:00:00,2026-09-28 00:00:00,rating,3,,,7.0,,4.0,Sapporo
S1Wd4jiS4x,QWBsF3FDla,2026-08-28 21:14:50,0,QAQYUagzxG,2026-08-28 21:15:05,200,True,조건 완화,user_rating_min|amenity_count,,Sapporo,2026-09-26 00:00:00,2026-09-28 00:00:00,rating,3,,,7.0,,4,Sapporo,,Sapporo,2026-09-26 00:00:00,2026-09-28 00:00:00,rating,3,,,,,0.0,Sapporo
S1owF49mXg,Qm8QU0i9f1,2026-08-28 20:37:07,0,QUD9FJSnhP,2026-08-28 20:37:19,0,False,조건 완화,amenity_count,온천,,2026-09-15 00:00:00,2026-09-17 00:00:00,reviews,2,,,9.0,300000.0,6,,온천,,2026-09-15 00:00:00,2026-09-17 00:00:00,reviews,2,,,9.0,300000.0,4.0,
S1owF49mXg,QUD9FJSnhP,2026-08-28 20:37:19,0,QfY7e9nSuD,2026-08-28 20:37:25,0,False,조건 완화,amenity_count,온천,,2026-09-15 00:00:00,2026-09-17 00:00:00,reviews,2,,,9.0,300000.0,4,,온천,,2026-09-15 00:00:00,2026-09-17 00:00:00,reviews,2,,,9.0,300000.0,3.0,
S1owF49mXg,QfY7e9nSuD,2026-08-28 20:37:25,0,Q85VtJzygQ,2026-08-28 20:37:33,0,False,조건 완화,amenity_count,온천,,2026-09-15 00:00:00,2026-09-17 00:00:00,reviews,2,,,9.0,300000.0,3,,온천,,2026-09-15 00:00:00,2026-09-17 00:00:00,reviews,2,,,9.0,300000.0,2.0,
S1owF49mXg,Q85VtJzygQ,2026-08-28 20:37:33,0,QuPacEA6qw,2026-08-28 20:37:42,0,False,조건 완화,amenity_count,온천,,2026-09-15 00:00:00,2026-09-17 00:00:00,reviews,2,,,9.0,300000.0,2,,온천,,2026-09-15 00:00:00,2026-09-17 00:00:00,reviews,2,,,9.0,300000.0,1.0,
S1owF49mXg,QuPacEA6qw,2026-08-28 20:37:42,0,QIzF4dO07g,2026-08-28 20:37:54,45,True,조건 완화,amenity_count,온천,,2026-09-15 00:00:00,2026-09-17 00:00:00,reviews,2,,,9.0,300000.0,1,,온천,,2026-09-15 00:00:00,2026-09-17 00:00:00,reviews,2,,,9.0,300000.0,0.0,
S1ubxerzjp,Q2GRU8o0Nj,2026-08-28 18:32:19,0,QVqaigocSV,2026-08-28 18:33:13,0,False,조건 강화,user_rating_min|price|amenity_count,하라주쿠,,2026-10-16 00:00:00,2026-10-18 00:00:00,rating,1,,,,,0,,하라주쿠,,2026-10-16 00:00:00,2026-10-18 00:00:00,rating,1,,,8.0,200000.0,6.0,
S1ubxerzjp,QVqaigocSV,2026-08-28 18:33:13,0,QVKRzz0fER,2026-08-28 18:33:30,0,False,동일조건 반복,,하라주쿠,,2026-10-16 00:00:00,2026-10-18 00:00:00,rating,1,,,8.0,200000.0,6,,하라주쿠,,2026-10-16 00:00:00,2026-10-18 00:00:00,rating,1,,,8.0,200000.0,6.0,
S1ubxerzjp,QVKRzz0fER,2026-08-28 18:33:30,0,QFmOUuXwC0,2026-08-28 18:33:49,0,False,지역 변경,destination|region,하라주쿠,,2026-10-16 00:00:00,2026-10-18 00:00:00,rating,1,,,8.0,200000.0,6,,하라주쿠,Tokyo · 신주쿠,2026-10-16 00:00:00,2026-10-18 00:00:00,rating,1,,,8.0,200000.0,6.0,Tokyo · 신주쿠
S1ubxerzjp,QFmOUuXwC0,2026-08-28 18:33:49,0,QDfmBpKxkV,2026-08-28 18:33:54,0,False,동일조건 반복,,하라주쿠,Tokyo · 신주쿠,2026-10-16 00:00:00,2026-10-18 00:00:00,rating,1,,,8.0,200000.0,6,Tokyo · 신주쿠,하라주쿠,Tokyo · 신주쿠,2026-10-16 00:00:00,2026-10-18 00:00:00,rating,1,,,8.0,200000.0,6.0,Tokyo · 신주쿠
S1ubxerzjp,QDfmBpKxkV,2026-08-28 18:33:54,0,QSwrDZHjxa,2026-08-28 18:34:09,0,False,검색어 수정,query_text,하라주쿠,Tokyo · 신주쿠,2026-10-16 00:00:00,2026-10-18 00:00:00,rating,1,,,8.0,200000.0,6,Tokyo · 신주쿠,,Tokyo · 신주쿠,2026-10-16 00:00:00,2026-10-18 00:00:00,rating,1,,,8.0,200000.0,6.0,Tokyo · 신주쿠
S1ubxerzjp,QSwrDZHjxa,2026-08-28 18:34:09,0,QBTb7ywz5i,2026-08-28 18:34:17,0,False,동일조건 반복,,,Tokyo · 신주쿠,2026-10-16 00:00:00,2026-10-18 00:00:00,rating,1,,,8.0,200000.0,6,Tokyo · 신주쿠,,Tokyo · 신주쿠,2026-10-16 00:00:00,2026-10-18 00:00:00,rating,1,,,8.0,200000.0,6.0,Tokyo · 신주쿠
S1ubxerzjp,QBTb7ywz5i,2026-08-28 18:34:17,0,QI2auVPTo7,2026-08-28 18:34:29,0,False,지역 변경,destination|region,,Tokyo · 신주쿠,2026-10-16 00:00:00,2026-10-18 00:00:00,rating,1,,,8.0,200000.0,6,Tokyo · 신주쿠,,Tokyo · 시부야,2026-10-16 00:00:00,2026-10-18 00:00:00,rating,1,,,8.0,200000.0,6.0,Tokyo · 시부야
S1ubxerzjp,QI2auVPTo7,2026-08-28 18:34:29,0,QX9VhQsOeU,2026-08-28 18:34:35,0,False,동일조건 반복,,,Tokyo · 시부야,2026-10-16 00:00:00,2026-10-18 00:00:00,rating,1,,,8.0,200000.0,6,Tokyo · 시부야,,Tokyo · 시부야,2026-10-16 00:00:00,2026-10-18 00:00:00,rating,1,,,8.0,200000.0,6.0,Tokyo · 시부야
S1ubxerzjp,QX9VhQsOeU,2026-08-28 18:34:35,0,QM2sjX0ZDi,2026-08-28 18:34:45,0,False,동일조건 반복,,,Tokyo · 시부야,2026-10-16 00:00:00,2026-10-18 00:00:00,rating,1,,,8.0,200000.0,6,Tokyo · 시부야,,Tokyo · 시부야,2026-10-16 00:00:00,2026-10-18 00:00:00,rating,1,,,8.0,200000.0,6.0,Tokyo · 시부야
S35n2Yb6bf,QWgnGg4bx4,2026-08-28 20:54:25,0,QeO8BWowuQ,2026-08-28 20:55:04,0,False,조건 강화,user_rating_min|amenity_count,에이스 호텔,Kyoto,2026-12-25 00:00:00,2026-12-27 00:00:00,rating,2,,,,,0,Kyoto,에이스 호텔,Kyoto,2026-12-25 00:00:00,2026-12-27 00:00:00,rating,2,,,8.0,,1.0,Kyoto
S35n2Yb6bf,QeO8BWowuQ,2026-08-28 20:55:04,0,Qgw6cthBke,2026-08-28 20:55:16,0,False,동일조건 반복,,에이스 호텔,Kyoto,2026-12-25 00:00:00,2026-12-27 00:00:00,rating,2,,,8.0,,1,Kyoto,에이스 호텔,Kyoto,2026-12-25 00:00:00,2026-12-27 00:00:00,rating,2,,,8.0,,1.0,Kyoto
S35n2Yb6bf,Qgw6cthBke,2026-08-28 20:55:16,0,QHEes8JGl4,2026-08-28 20:55:32,136,True,검색어 수정,query_text,에이스 호텔,Kyoto,2026-12-25 00:00:00,2026-12-27 00:00:00,rating,2,,,8.0,,1,Kyoto,교토,Kyoto,2026-12-25 00:00:00,2026-12-27 00:00:00,rating,2,,,8.0,,1.0,Kyoto
S3kO8XxiWO,Q9F9rBREM8,2026-08-30 08:27:07,0,Q1hGCBSS5A,2026-08-30 08:27:17,0,False,동일조건 반복,,아사쿠사,Tokyo · 아사쿠사,2026-09-24 00:00:00,2026-09-27 00:00:00,rating,2,,,9.0,200000.0,6,Tokyo · 아사쿠사,아사쿠사,Tokyo · 아사쿠사,2026-09-24 00:00:00,2026-09-27 00:00:00,rating,2,,,9.0,200000.0,6.0,Tokyo · 아사쿠사
S3kO8XxiWO,Q1hGCBSS5A,2026-08-30 08:27:17,0,QvZ57g7PO8,2026-08-30 08:27:27,0,False,동일조건 반복,,아사쿠사,Tokyo · 아사쿠사,2026-09-24 00:00:00,2026-09-27 00:00:00,rating,2,,,9.0,200000.0,6,Tokyo · 아사쿠사,아사쿠사,Tokyo · 아사쿠사,2026-09-24 00:00:00,2026-09-27 00:00:00,rating,2,,,9.0,200000.0,6.0,Tokyo · 아사쿠사
S3kO8XxiWO,QvZ57g7PO8,2026-08-30 08:27:27,0,QVXDvxv83S,2026-08-30 08:27:41,0,False,조건 완화,amenity_count,아사쿠사,Tokyo · 아사쿠사,2026-09-24 00:00:00,2026-09-27 00:00:00,rating,2,,,9.0,200000.0,6,Tokyo · 아사쿠사,아사쿠사,Tokyo · 아사쿠사,2026-09-24 00:00:00,2026-09-27 00:00:00,rating,2,,,9.0,200000.0,5.0,Tokyo · 아사쿠사
S3kO8XxiWO,QVXDvxv83S,2026-08-30 08:27:41,0,QSRcIYy6Fm,2026-08-30 08:27:44,0,False,동일조건 반복,,아사쿠사,Tokyo · 아사쿠사,2026-09-24 00:00:00,2026-09-27 00:00:00,rating,2,,,9.0,200000.0,5,Tokyo · 아사쿠사,아사쿠사,Tokyo · 아사쿠사,2026-09-24 00:00:00,2026-09-27 00:00:00,rating,2,,,9.0,200000.0,5.0,Tokyo · 아사쿠사
S3kO8XxiWO,QSRcIYy6Fm,2026-08-30 08:27:44,0,QcNyMIRiV2,2026-08-30 08:28:04,0,False,조건 완화,amenity_count,아사쿠사,Tokyo · 아사쿠사,2026-09-24 00:00:00,2026-09-27 00:00:00,rating,2,,,9.0,200000.0,5,Tokyo · 아사쿠사,아사쿠사,Tokyo · 아사쿠사,2026-09-24 00:00:00,2026-09-27 00:00:00,rating,2,,,9.0,200000.0,3.0,Tokyo · 아사쿠사
S3kO8XxiWO,QcNyMIRiV2,2026-08-30 08:28:04,0,QDKDmc94SM,2026-08-30 08:28:08,0,False,동일조건 반복,,아사쿠사,Tokyo · 아사쿠사,2026-09-24 00:00:00,2026-09-27 00:00:00,rating,2,,,9.0,200000.0,3,Tokyo · 아사쿠사,아사쿠사,Tokyo · 아사쿠사,2026-09-24 00:00:00,2026-09-27 00:00:00,rating,2,,,9.0,200000.0,3.0,Tokyo · 아사쿠사
S3kO8XxiWO,QDKDmc94SM,2026-08-30 08:28:08,0,Q7C7RIN0So,2026-08-30 08:28:14,0,False,동일조건 반복,,아사쿠사,Tokyo · 아사쿠사,2026-09-24 00:00:00,2026-09-27 00:00:00,rating,2,,,9.0,200000.0,3,Tokyo · 아사쿠사,아사쿠사,Tokyo · 아사쿠사,2026-09-24 00:00:00,2026-09-27 00:00:00,rating,2,,,9.0,200000.0,3.0,Tokyo · 아사쿠사
S3kO8XxiWO,Q7C7RIN0So,2026-08-30 08:28:14,0,QOVqoD2Qm8,2026-08-30 08:28:19,0,False,동일조건 반복,,아사쿠사,Tokyo · 아사쿠사,2026-09-24 00:00:00,2026-09-27 00:00:00,rating,2,,,9.0,200000.0,3,Tokyo · 아사쿠사,아사쿠사,Tokyo · 아사쿠사,2026-09-24 00:00:00,2026-09-27 00:00:00,rating,2,,,9.0,200000.0,3.0,Tokyo · 아사쿠사
S3kO8XxiWO,QOVqoD2Qm8,2026-08-30 08:28:19,0,Q6k4EdqUNa,2026-08-30 08:28:23,0,False,동일조건 반복,,아사쿠사,Tokyo · 아사쿠사,2026-09-24 00:00:00,2026-09-27 00:00:00,rating,2,,,9.0,200000.0,3,Tokyo · 아사쿠사,아사쿠사,Tokyo · 아사쿠사,2026-09-24 00:00:00,2026-09-27 00:00:00,rating,2,,,9.0,200000.0,3.0,Tokyo · 아사쿠사
S3kO8XxiWO,Q6k4EdqUNa,2026-08-30 08:28:23,0,Q8AHm6zzeG,2026-08-30 08:28:29,200,True,지역 변경,query_text|destination|user_rating_min|price|amenity_count|region,아사쿠사,Tokyo · 아사쿠사,2026-09-24 00:00:00,2026-09-27 00:00:00,rating,2,,,9.0,200000.0,3,Tokyo · 아사쿠사,,Tokyo,2026-09-24 00:00:00,2026-09-27 00:00:00,rating,2,,,,,0.0,Tokyo
S3qXRdxw3F,QJEQt6klls,2026-08-28 18:19:21,0,Q2C8brPDg5,2026-08-28 18:19:32,0,False,조건 완화,amenity_count,도쿄,Tokyo · 긴자·도쿄역,2026-10-26 00:00:00,2026-10-28 00:00:00,price,5,,,,150000.0,3,Tokyo · 긴자·도쿄역,도쿄,Tokyo · 긴자·도쿄역,2026-10-26 00:00:00,2026-10-28 00:00:00,price,5,,,,150000.0,2.0,Tokyo · 긴자·도쿄역
S3qXRdxw3F,Q2C8brPDg5,2026-08-28 18:19:32,0,QPZN9Elyzn,2026-08-28 18:19:35,2,True,조건 완화,amenity_count,도쿄,Tokyo · 긴자·도쿄역,2026-10-26 00:00:00,2026-10-28 00:00:00,price,5,,,,150000.0,2,Tokyo · 긴자·도쿄역,도쿄,Tokyo · 긴자·도쿄역,2026-10-26 00:00:00,2026-10-28 00:00:00,price,5,,,,150000.0,1.0,Tokyo · 긴자·도쿄역
S6XYxxvSwO,QuWhrCRuRZ,2026-08-31 10:13:42,0,QKV74qmXN4,2026-08-31 10:14:23,0,False,조건 강화,user_rating_min|price|amenity_count,"우메다역, 우메다, 오사카역",Osaka · 우메다,2026-10-16 00:00:00,2026-10-18 00:00:00,rating,2,,,,,0,Osaka · 우메다,"우메다역, 우메다, 오사카역",Osaka · 우메다,2026-10-16 00:00:00,2026-10-18 00:00:00,reviews,2,,,8.0,200000.0,7.0,Osaka · 우메다
S6XYxxvSwO,QKV74qmXN4,2026-08-31 10:14:23,0,QpbPzLGpbQ,2026-08-31 10:14:28,0,False,동일조건 반복,,"우메다역, 우메다, 오사카역",Osaka · 우메다,2026-10-16 00:00:00,2026-10-18 00:00:00,reviews,2,,,8.0,200000.0,7,Osaka · 우메다,"우메다역, 우메다, 오사카역",Osaka · 우메다,2026-10-16 00:00:00,2026-10-18 00:00:00,reviews,2,,,8.0,200000.0,7.0,Osaka · 우메다
S6XYxxvSwO,QpbPzLGpbQ,2026-08-31 10:14:28,0,QoFm0DeKO2,2026-08-31 10:14:41,0,False,검색어 수정,query_text,"우메다역, 우메다, 오사카역",Osaka · 우메다,2026-10-16 00:00:00,2026-10-18 00:00:00,reviews,2,,,8.0,200000.0,7,Osaka · 우메다,오사카역,Osaka · 우메다,2026-10-16 00:00:00,2026-10-18 00:00:00,reviews,2,,,8.0,200000.0,7.0,Osaka · 우메다
S6XYxxvSwO,QoFm0DeKO2,2026-08-31 10:14:41,0,Qx444Zmlxf,2026-08-31 10:14:53,116,True,지역 변경,query_text|destination|user_rating_min|amenity_count|region,오사카역,Osaka · 우메다,2026-10-16 00:00:00,2026-10-18 00:00:00,reviews,2,,,8.0,200000.0,7,Osaka · 우메다,,Osaka,2026-10-16 00:00:00,2026-10-18 00:00:00,rating,2,,,,200000.0,0.0,Osaka
S7lDQeGcnC,Q2ZWvN7WQv,2026-08-28 21:57:24,0,QXpCq5SenS,2026-08-28 21:57:31,0,False,조건 강화,amenity_count,신주쿠,Tokyo · 신주쿠,2026-09-15 00:00:00,2026-09-17 00:00:00,rating,2,,,9.0,,0,Tokyo · 신주쿠,신주쿠,Tokyo · 신주쿠,2026-09-15 00:00:00,2026-09-17 00:00:00,rating,2,,,9.0,,2.0,Tokyo · 신주쿠
S8wi9Cgmyj,Qi6IhgLadE,2026-08-29 12:49:10,0,Q0alv53UTl,2026-08-29 12:50:14,0,False,조건 강화,user_rating_min|price|amenity_count,요코하마,,2026-10-08 00:00:00,2026-10-11 00:00:00,rating,2,,,,,0,,요코하마,,2026-10-08 00:00:00,2026-10-11 00:00:00,reviews,2,,,8.0,300000.0,4.0,
S8wi9Cgmyj,Q0alv53UTl,2026-08-29 12:50:14,0,QD4U3ztNlp,2026-08-29 12:50:29,0,False,동일조건 반복,,요코하마,,2026-10-08 00:00:00,2026-10-11 00:00:00,reviews,2,,,8.0,300000.0,4,,요코하마,,2026-10-08 00:00:00,2026-10-11 00:00:00,reviews,2,,,8.0,300000.0,4.0,
S8wi9Cgmyj,QD4U3ztNlp,2026-08-29 12:50:29,0,QdVKYmGhra,2026-08-29 12:51:05,0,False,동일조건 반복,,요코하마,,2026-10-08 00:00:00,2026-10-11 00:00:00,reviews,2,,,8.0,300000.0,4,,요코하마,,2026-10-08 00:00:00,2026-10-11 00:00:00,reviews,2,,,8.0,300000.0,4.0,
S8wi9Cgmyj,QdVKYmGhra,2026-08-29 12:51:05,0,QQ5RXBXBR4,2026-08-29 12:51:16,0,False,동일조건 반복,,요코하마,,2026-10-08 00:00:00,2026-10-11 00:00:00,reviews,2,,,8.0,300000.0,4,,요코하마,,2026-10-08 00:00:00,2026-10-11 00:00:00,reviews,2,,,8.0,300000.0,4.0,
S8wi9Cgmyj,QQ5RXBXBR4,2026-08-29 12:51:16,0,Q0nO9cnSPd,2026-08-29 12:51:32,0,False,동일조건 반복,,요코하마,,2026-10-08 00:00:00,2026-10-11 00:00:00,reviews,2,,,8.0,300000.0,4,,요코하마,,2026-10-08 00:00:00,2026-10-11 00:00:00,reviews,2,,,8.0,300000.0,4.0,
S8wi9Cgmyj,Q0nO9cnSPd,2026-08-29 12:51:32,0,Qpt90DDgsn,2026-08-29 12:52:04,0,False,조건 완화,amenity_count,요코하마,,2026-10-08 00:00:00,2026-10-11 00:00:00,reviews,2,,,8.0,300000.0,4,,요코하마,,2026-10-08 00:00:00,2026-10-11 00:00:00,reviews,2,,,8.0,300000.0,3.0,
S8wi9Cgmyj,Qpt90DDgsn,2026-08-29 12:52:04,0,Q1kmQKk0rb,2026-08-29 12:52:18,0,False,동일조건 반복,,요코하마,,2026-10-08 00:00:00,2026-10-11 00:00:00,reviews,2,,,8.0,300000.0,3,,요코하마,,2026-10-08 00:00:00,2026-10-11 00:00:00,reviews,2,,,8.0,300000.0,3.0,
S91bzuR10O,QHA91KkPlz,2026-08-30 04:25:59,0,Q7MNnGAQ4M,2026-08-30 04:26:08,0,False,조건 완화,amenity_count,후쿠오카,Fukuoka · 후쿠오카공항,2026-09-15 00:00:00,2026-09-17 00:00:00,reviews,2,,,8.0,200000.0,4,Fukuoka · 후쿠오카공항,후쿠오카,Fukuoka · 후쿠오카공항,2026-09-15 00:00:00,2026-09-17 00:00:00,reviews,2,,,8.0,200000.0,1.0,Fukuoka · 후쿠오카공항
S91bzuR10O,Q7MNnGAQ4M,2026-08-30 04:26:08,0,QJnkm4HV1r,2026-08-30 04:26:15,0,False,동일조건 반복,,후쿠오카,Fukuoka · 후쿠오카공항,2026-09-15 00:00:00,2026-09-17 00:00:00,reviews,2,,,8.0,200000.0,1,Fukuoka · 후쿠오카공항,후쿠오카,Fukuoka · 후쿠오카공항,2026-09-15 00:00:00,2026-09-17 00:00:00,reviews,2,,,8.0,200000.0,1.0,Fukuoka · 후쿠오카공항
S91bzuR10O,QJnkm4HV1r,2026-08-30 04:26:15,0,QJaBJG5wb3,2026-08-30 04:26:23,1,True,조건 완화,user_rating_min,후쿠오카,Fukuoka · 후쿠오카공항,2026-09-15 00:00:00,2026-09-17 00:00:00,reviews,2,,,8.0,200000.0,1,Fukuoka · 후쿠오카공항,후쿠오카,Fukuoka · 후쿠오카공항,2026-09-15 00:00:00,2026-09-17 00:00:00,reviews,2,,,,200000.0,1.0,Fukuoka · 후쿠오카공항
SA4wocK7sn,QsD7Y2RjXZ,2026-08-29 14:33:01,0,QwnjNndIom,2026-08-29 14:33:27,0,False,조건 강화,amenity_count,신주쿠,Tokyo · 시부야,2026-09-15 00:00:00,2026-09-17 00:00:00,rating,2,,,,,0,Tokyo · 시부야,신주쿠,Tokyo · 시부야,2026-09-15 00:00:00,2026-09-17 00:00:00,rating,2,,,,,14.0,Tokyo · 시부야
SA4wocK7sn,QwnjNndIom,2026-08-29 14:33:27,0,Qx8ZxQys2h,2026-08-29 14:33:55,34,True,지역 변경,query_text|destination|amenity_count|region,신주쿠,Tokyo · 시부야,2026-09-15 00:00:00,2026-09-17 00:00:00,rating,2,,,,,14,Tokyo · 시부야,,Tokyo,2026-09-15 00:00:00,2026-09-17 00:00:00,rating,2,,,,,2.0,Tokyo
SAGoMPtwtv,Qp9D5k4c1O,2026-08-28 18:55:30,0,QoNkA0Hv40,2026-08-28 18:55:44,0,False,동일조건 반복,,오사카,Osaka · 난바,2026-09-17 00:00:00,2026-09-20 00:00:00,rating,2,,,9.0,300000.0,8,Osaka · 난바,오사카,Osaka · 난바,2026-09-17 00:00:00,2026-09-20 00:00:00,rating,2,,,9.0,300000.0,8.0,Osaka · 난바
SAGoMPtwtv,QoNkA0Hv40,2026-08-28 18:55:44,0,Q31Aqviple,2026-08-28 18:55:55,0,False,검색어 수정,query_text,오사카,Osaka · 난바,2026-09-17 00:00:00,2026-09-20 00:00:00,rating,2,,,9.0,300000.0,8,Osaka · 난바,,Osaka · 난바,2026-09-17 00:00:00,2026-09-20 00:00:00,rating,2,,,9.0,300000.0,8.0,Osaka · 난바
SAGoMPtwtv,Q31Aqviple,2026-08-28 18:55:55,0,QuVxROuQ7j,2026-08-28 18:56:15,0,False,조건 완화,amenity_count,,Osaka · 난바,2026-09-17 00:00:00,2026-09-20 00:00:00,rating,2,,,9.0,300000.0,8,Osaka · 난바,,Osaka · 난바,2026-09-17 00:00:00,2026-09-20 00:00:00,rating,2,,,9.0,300000.0,7.0,Osaka · 난바
SAGoMPtwtv,QuVxROuQ7j,2026-08-28 18:56:15,0,QZexs2DQR6,2026-08-28 18:56:23,0,False,조건 완화,user_rating_min,,Osaka · 난바,2026-09-17 00:00:00,2026-09-20 00:00:00,rating,2,,,9.0,300000.0,7,Osaka · 난바,,Osaka · 난바,2026-09-17 00:00:00,2026-09-20 00:00:00,rating,2,,,8.0,300000.0,7.0,Osaka · 난바
SAGoMPtwtv,QZexs2DQR6,2026-08-28 18:56:23,0,Qp4nY8fw73,2026-08-28 18:56:34,1,True,조건 완화,amenity_count,,Osaka · 난바,2026-09-17 00:00:00,2026-09-20 00:00:00,rating,2,,,8.0,300000.0,7,Osaka · 난바,,Osaka · 난바,2026-09-17 00:00:00,2026-09-20 00:00:00,rating,2,,,8.0,300000.0,6.0,Osaka · 난바
SDCHJP9GEL,QyOpiHRmKC,2026-08-29 14:58:19,0,QtwAVcibe6,2026-08-29 14:58:24,0,False,동일조건 반복,,오사카,Osaka,2026-09-15 00:00:00,2026-09-17 00:00:00,rating,2,,,8.0,300000.0,4,Osaka,오사카,Osaka,2026-09-15 00:00:00,2026-09-17 00:00:00,rating,2,,,8.0,300000.0,4.0,Osaka
SDCHJP9GEL,QtwAVcibe6,2026-08-29 14:58:24,0,QTFeF2EU9i,2026-08-29 14:58:29,0,False,동일조건 반복,,오사카,Osaka,2026-09-15 00:00:00,2026-09-17 00:00:00,rating,2,,,8.0,300000.0,4,Osaka,오사카,Osaka,2026-09-15 00:00:00,2026-09-17 00:00:00,rating,2,,,8.0,300000.0,4.0,Osaka
SDCHJP9GEL,QTFeF2EU9i,2026-08-29 14:58:29,0,QQePBK5z8x,2026-08-29 14:58:51,0,False,조건 완화,price,오사카,Osaka,2026-09-15 00:00:00,2026-09-17 00:00:00,rating,2,,,8.0,300000.0,4,Osaka,오사카,Osaka,2026-09-15 00:00:00,2026-09-17 00:00:00,rating,2,,,8.0,400000.0,4.0,Osaka
SDCHJP9GEL,QQePBK5z8x,2026-08-29 14:58:51,0,QUtMXdv6ob,2026-08-29 14:59:05,0,False,조건 강화,amenity_count,오사카,Osaka,2026-09-15 00:00:00,2026-09-17 00:00:00,rating,2,,,8.0,400000.0,4,Osaka,오사카,Osaka,2026-09-15 00:00:00,2026-09-17 00:00:00,rating,2,,,8.0,400000.0,5.0,Osaka
SDCHJP9GEL,QUtMXdv6ob,2026-08-29 14:59:05,0,Q8F2x5T73e,2026-08-29 14:59:09,200,True,검색어 수정,query_text|user_rating_min|price|amenity_count,오사카,Osaka,2026-09-15 00:00:00,2026-09-17 00:00:00,rating,2,,,8.0,400000.0,5,Osaka,,Osaka,2026-09-15 00:00:00,2026-09-17 00:00:00,rating,2,,,,,0.0,Osaka
SET0xscWXw,QQFpVOZ85A,2026-08-28 19:15:46,0,QzSc7wHrY0,2026-08-28 19:15:53,0,False,동일조건 반복,,,Tokyo · 신주쿠,2026-11-03 00:00:00,2026-11-06 00:00:00,rating,2,,,8.0,200000.0,3,Tokyo · 신주쿠,,Tokyo · 신주쿠,2026-11-03 00:00:00,2026-11-06 00:00:00,rating,2,,,8.0,200000.0,3.0,Tokyo · 신주쿠
SET0xscWXw,QzSc7wHrY0,2026-08-28 19:15:53,0,QZBsNvYNxW,2026-08-28 19:16:03,0,False,동일조건 반복,,,Tokyo · 신주쿠,2026-11-03 00:00:00,2026-11-06 00:00:00,rating,2,,,8.0,200000.0,3,Tokyo · 신주쿠,,Tokyo · 신주쿠,2026-11-03 00:00:00,2026-11-06 00:00:00,rating,2,,,8.0,200000.0,3.0,Tokyo · 신주쿠
SET0xscWXw,QZBsNvYNxW,2026-08-28 19:16:03,0,Q5gRr1F1T9,2026-08-28 19:16:07,0,False,동일조건 반복,,,Tokyo · 신주쿠,2026-11-03 00:00:00,2026-11-06 00:00:00,rating,2,,,8.0,200000.0,3,Tokyo · 신주쿠,,Tokyo · 신주쿠,2026-11-03 00:00:00,2026-11-06 00:00:00,rating,2,,,8.0,200000.0,3.0,Tokyo · 신주쿠
SET0xscWXw,Q5gRr1F1T9,2026-08-28 19:16:07,0,QHaA7LVU77,2026-08-28 19:16:17,6,True,조건 완화,amenity_count,,Tokyo · 신주쿠,2026-11-03 00:00:00,2026-11-06 00:00:00,rating,2,,,8.0,200000.0,3,Tokyo · 신주쿠,,Tokyo · 신주쿠,2026-11-03 00:00:00,2026-11-06 00:00:00,rating,2,,,8.0,200000.0,2.0,Tokyo · 신주쿠
SKBbfdVhKm,Q6XsVH2R7b,2026-08-31 17:00:04,0,QwpBL0B7xv,2026-08-31 17:00:10,3,True,조건 완화,price,도쿄,Tokyo · 시부야,2026-09-10 00:00:00,2026-09-13 00:00:00,rating,1,,,,50000.0,0,Tokyo · 시부야,도쿄,Tokyo · 시부야,2026-09-10 00:00:00,2026-09-13 00:00:00,rating,1,,,,100000.0,0.0,Tokyo · 시부야
SPUx28T3TL,QgJG1BMi66,2026-08-29 15:20:31,0,QJ5UwonmAd,2026-08-29 15:20:40,0,False,동일조건 반복,,오사카,Osaka · 도톤보리,2026-09-18 00:00:00,2026-09-21 00:00:00,rating,1,,,8.0,100000.0,7,Osaka · 도톤보리,오사카,Osaka · 도톤보리,2026-09-18 00:00:00,2026-09-21 00:00:00,rating,1,,,8.0,100000.0,7.0,Osaka · 도톤보리
SPUx28T3TL,QJ5UwonmAd,2026-08-29 15:20:40,0,QvaUyoaO1v,2026-08-29 15:21:02,0,False,조건 완화,amenity_count,오사카,Osaka · 도톤보리,2026-09-18 00:00:00,2026-09-21 00:00:00,rating,1,,,8.0,100000.0,7,Osaka · 도톤보리,오사카,Osaka · 도톤보리,2026-09-18 00:00:00,2026-09-21 00:00:00,rating,1,,,8.0,100000.0,4.0,Osaka · 도톤보리
SPUx28T3TL,QvaUyoaO1v,2026-08-29 15:21:02,0,QGGpgMQ4v5,2026-08-29 15:21:27,0,False,조건 완화,amenity_count,오사카,Osaka · 도톤보리,2026-09-18 00:00:00,2026-09-21 00:00:00,rating,1,,,8.0,100000.0,4,Osaka · 도톤보리,오사카,Osaka · 도톤보리,2026-09-18 00:00:00,2026-09-21 00:00:00,rating,1,,,8.0,100000.0,3.0,Osaka · 도톤보리
SPUx28T3TL,QGGpgMQ4v5,2026-08-29 15:21:27,0,Qa0fMoODEd,2026-08-29 15:21:47,0,False,혼합 변경,user_rating_min|price|amenity_count,오사카,Osaka · 도톤보리,2026-09-18 00:00:00,2026-09-21 00:00:00,rating,1,,,8.0,100000.0,3,Osaka · 도톤보리,오사카,Osaka · 도톤보리,2026-09-18 00:00:00,2026-09-21 00:00:00,rating,1,,,9.0,150000.0,2.0,Osaka · 도톤보리
SPUx28T3TL,Qa0fMoODEd,2026-08-29 15:21:47,0,QE7r3ta0u4,2026-08-29 15:22:12,0,False,지역 변경,destination|amenity_count|region,오사카,Osaka · 도톤보리,2026-09-18 00:00:00,2026-09-21 00:00:00,rating,1,,,9.0,150000.0,2,Osaka · 도톤보리,오사카,Osaka · 난바,2026-09-18 00:00:00,2026-09-21 00:00:00,rating,1,,,9.0,150000.0,4.0,Osaka · 난바
SPUx28T3TL,QE7r3ta0u4,2026-08-29 15:22:12,0,QKllNtGPha,2026-08-29 15:22:28,0,False,동일조건 반복,,오사카,Osaka · 난바,2026-09-18 00:00:00,2026-09-21 00:00:00,rating,1,,,9.0,150000.0,4,Osaka · 난바,오사카,Osaka · 난바,2026-09-15 00:00:00,2026-09-17 00:00:00,rating,1,,,9.0,150000.0,4.0,Osaka · 난바
SPUx28T3TL,QKllNtGPha,2026-08-29 15:22:28,0,QbBJTBUPa4,2026-08-29 15:22:46,0,False,조건 강화,price,오사카,Osaka · 난바,2026-09-15 00:00:00,2026-09-17 00:00:00,rating,1,,,9.0,150000.0,4,Osaka · 난바,오사카,Osaka · 난바,2026-09-15 00:00:00,2026-09-17 00:00:00,rating,1,,,9.0,100000.0,4.0,Osaka · 난바
STEqUIZTbY,QXLsAqGTu8,2026-08-28 20:25:29,0,QU9ouTT4sN,2026-08-28 20:25:36,2,True,조건 완화,amenity_count,,Kyoto · 교토역,2026-09-21 00:00:00,2026-09-25 00:00:00,rating,2,,,,,2,Kyoto · 교토역,,Kyoto · 교토역,2026-09-21 00:00:00,2026-09-25 00:00:00,rating,2,,,,,1.0,Kyoto · 교토역
SULtlDqL8H,QQH9lq7yvj,2026-08-29 14:14:44,0,QhzNheB7lJ,2026-08-29 14:14:59,0,False,동일조건 반복,,도쿄,Tokyo · 긴자·도쿄역,2026-09-15 00:00:00,2026-09-17 00:00:00,rating,2,,,9.0,500000.0,6,Tokyo · 긴자·도쿄역,도쿄,Tokyo · 긴자·도쿄역,2026-09-15 00:00:00,2026-09-17 00:00:00,rating,2,,,9.0,500000.0,6.0,Tokyo · 긴자·도쿄역
SULtlDqL8H,QhzNheB7lJ,2026-08-29 14:14:59,0,QLf7Ck6UwJ,2026-08-29 14:15:04,0,False,동일조건 반복,,도쿄,Tokyo · 긴자·도쿄역,2026-09-15 00:00:00,2026-09-17 00:00:00,rating,2,,,9.0,500000.0,6,Tokyo · 긴자·도쿄역,도쿄,Tokyo · 긴자·도쿄역,2026-09-15 00:00:00,2026-09-17 00:00:00,rating,2,,,9.0,500000.0,6.0,Tokyo · 긴자·도쿄역
SULtlDqL8H,QLf7Ck6UwJ,2026-08-29 14:15:04,0,Q1blO4uG1n,2026-08-29 14:15:16,0,False,조건 완화,user_rating_min,도쿄,Tokyo · 긴자·도쿄역,2026-09-15 00:00:00,2026-09-17 00:00:00,rating,2,,,9.0,500000.0,6,Tokyo · 긴자·도쿄역,도쿄,Tokyo · 긴자·도쿄역,2026-09-15 00:00:00,2026-09-17 00:00:00,rating,2,,,7.0,500000.0,6.0,Tokyo · 긴자·도쿄역
SULtlDqL8H,Q1blO4uG1n,2026-08-29 14:15:16,0,Q3NxstM9ZB,2026-08-29 14:19:25,20,True,지역 변경,query_text|destination|user_rating_min|price|amenity_count|region,도쿄,Tokyo · 긴자·도쿄역,2026-09-15 00:00:00,2026-09-17 00:00:00,rating,2,,,7.0,500000.0,6,Tokyo · 긴자·도쿄역,오사카,Osaka · 혼마치,2026-09-15 00:00:00,2026-09-17 00:00:00,rating,2,,,,,0.0,Osaka · 혼마치
SVxCzLOlfQ,QCpqajkxl2,2026-08-30 15:59:22,0,QIO26lhj6N,2026-08-30 15:59:34,0,False,조건 완화,amenity_count,도쿄,Tokyo · 시부야,2026-09-19 00:00:00,2026-09-20 00:00:00,rating,2,,,9.0,200000.0,4,Tokyo · 시부야,도쿄,Tokyo · 시부야,2026-09-19 00:00:00,2026-09-20 00:00:00,rating,2,,,9.0,200000.0,3.0,Tokyo · 시부야
SVxCzLOlfQ,QIO26lhj6N,2026-08-30 15:59:34,0,Q3lldU1XCw,2026-08-30 15:59:53,2,True,조건 완화,amenity_count,도쿄,Tokyo · 시부야,2026-09-19 00:00:00,2026-09-20 00:00:00,rating,2,,,9.0,200000.0,3,Tokyo · 시부야,도쿄,Tokyo · 시부야,2026-09-19 00:00:00,2026-09-20 00:00:00,rating,2,,,9.0,200000.0,0.0,Tokyo · 시부야
SWhGA47bqi,QrJ738MBMH,2026-08-30 19:35:18,0,QgA14vqfSP,2026-08-30 19:35:28,0,False,동일조건 반복,,,Tokyo · 긴자·도쿄역,2026-09-15 00:00:00,2026-09-17 00:00:00,reviews,2,,,8.0,150000.0,6,Tokyo · 긴자·도쿄역,,Tokyo · 긴자·도쿄역,2026-09-15 00:00:00,2026-09-17 00:00:00,reviews,2,,,8.0,150000.0,6.0,Tokyo · 긴자·도쿄역
SWhGA47bqi,QgA14vqfSP,2026-08-30 19:35:28,0,QQy7zgkxJY,2026-08-30 19:35:49,0,False,동일조건 반복,,,Tokyo · 긴자·도쿄역,2026-09-15 00:00:00,2026-09-17 00:00:00,reviews,2,,,8.0,150000.0,6,Tokyo · 긴자·도쿄역,,Tokyo · 긴자·도쿄역,2026-09-15 00:00:00,2026-09-17 00:00:00,reviews,2,,,8.0,150000.0,6.0,Tokyo · 긴자·도쿄역
SWhGA47bqi,QQy7zgkxJY,2026-08-30 19:35:49,0,QvMl8p2z9A,2026-08-30 19:35:56,0,False,동일조건 반복,,,Tokyo · 긴자·도쿄역,2026-09-15 00:00:00,2026-09-17 00:00:00,reviews,2,,,8.0,150000.0,6,Tokyo · 긴자·도쿄역,,Tokyo · 긴자·도쿄역,2026-09-15 00:00:00,2026-09-17 00:00:00,reviews,2,,,8.0,150000.0,6.0,Tokyo · 긴자·도쿄역
SWhGA47bqi,QvMl8p2z9A,2026-08-30 19:35:56,0,Qkr9D9yZ1F,2026-08-30 19:36:01,0,False,동일조건 반복,,,Tokyo · 긴자·도쿄역,2026-09-15 00:00:00,2026-09-17 00:00:00,reviews,2,,,8.0,150000.0,6,Tokyo · 긴자·도쿄역,,Tokyo · 긴자·도쿄역,2026-09-15 00:00:00,2026-09-17 00:00:00,reviews,2,,,8.0,150000.0,6.0,Tokyo · 긴자·도쿄역
SWhGA47bqi,Qkr9D9yZ1F,2026-08-30 19:36:01,0,QSCxutafBO,2026-08-30 19:36:06,0,False,조건 완화,amenity_count,,Tokyo · 긴자·도쿄역,2026-09-15 00:00:00,2026-09-17 00:00:00,reviews,2,,,8.0,150000.0,6,Tokyo · 긴자·도쿄역,,Tokyo · 긴자·도쿄역,2026-09-15 00:00:00,2026-09-17 00:00:00,reviews,2,,,8.0,150000.0,4.0,Tokyo · 긴자·도쿄역
Sb8HrR5rXR,QAQw9jvcsH,2026-08-31 19:39:33,0,Qiwm8UtB3w,2026-08-31 19:39:44,0,False,조건 완화,amenity_count,도쿄,Tokyo · 아사쿠사,2026-09-15 00:00:00,2026-09-17 00:00:00,reviews,2,,,,100000.0,7,Tokyo · 아사쿠사,도쿄,Tokyo · 아사쿠사,2026-09-15 00:00:00,2026-09-17 00:00:00,reviews,2,,,,100000.0,6.0,Tokyo · 아사쿠사
Sb8HrR5rXR,Qiwm8UtB3w,2026-08-31 19:39:44,0,QXGIMCtkhO,2026-08-31 19:39:50,0,False,동일조건 반복,,도쿄,Tokyo · 아사쿠사,2026-09-15 00:00:00,2026-09-17 00:00:00,reviews,2,,,,100000.0,6,Tokyo · 아사쿠사,도쿄,Tokyo · 아사쿠사,2026-09-15 00:00:00,2026-09-17 00:00:00,reviews,2,,,,100000.0,6.0,Tokyo · 아사쿠사
Sb8HrR5rXR,QXGIMCtkhO,2026-08-31 19:39:50,0,QefYYCEICl,2026-08-31 19:39:57,0,False,동일조건 반복,,도쿄,Tokyo · 아사쿠사,2026-09-15 00:00:00,2026-09-17 00:00:00,reviews,2,,,,100000.0,6,Tokyo · 아사쿠사,도쿄,Tokyo · 아사쿠사,2026-09-15 00:00:00,2026-09-17 00:00:00,reviews,2,,,,100000.0,6.0,Tokyo · 아사쿠사
Sb8HrR5rXR,QefYYCEICl,2026-08-31 19:39:57,0,Q3Hfff0KOt,2026-08-31 19:40:12,0,False,동일조건 반복,,도쿄,Tokyo · 아사쿠사,2026-09-15 00:00:00,2026-09-17 00:00:00,reviews,2,,,,100000.0,6,Tokyo · 아사쿠사,도쿄,Tokyo · 아사쿠사,2026-10-03 00:00:00,2026-09-17 00:00:00,reviews,2,,,,100000.0,6.0,Tokyo · 아사쿠사
Sb8HrR5rXR,Q3Hfff0KOt,2026-08-31 19:40:12,0,QYMZRtxiN1,2026-08-31 19:40:31,0,False,혼합 변경,price|amenity_count,도쿄,Tokyo · 아사쿠사,2026-10-03 00:00:00,2026-09-17 00:00:00,reviews,2,,,,100000.0,6,Tokyo · 아사쿠사,도쿄,Tokyo · 아사쿠사,2026-10-03 00:00:00,2026-09-17 00:00:00,reviews,2,,,,50000.0,4.0,Tokyo · 아사쿠사
Sb8HrR5rXR,QYMZRtxiN1,2026-08-31 19:40:31,0,QZ0FLsEEjB,2026-08-31 19:40:36,0,False,조건 강화,amenity_count,도쿄,Tokyo · 아사쿠사,2026-10-03 00:00:00,2026-09-17 00:00:00,reviews,2,,,,50000.0,4,Tokyo · 아사쿠사,도쿄,Tokyo · 아사쿠사,2026-10-03 00:00:00,2026-09-17 00:00:00,reviews,2,,,,50000.0,5.0,Tokyo · 아사쿠사
Sb8HrR5rXR,QZ0FLsEEjB,2026-08-31 19:40:36,0,QX121uaX47,2026-08-31 19:40:44,0,False,지역 변경,destination|region,도쿄,Tokyo · 아사쿠사,2026-10-03 00:00:00,2026-09-17 00:00:00,reviews,2,,,,50000.0,5,Tokyo · 아사쿠사,도쿄,Tokyo,2026-10-03 00:00:00,2026-09-17 00:00:00,reviews,2,,,,50000.0,5.0,Tokyo
Sb8HrR5rXR,QX121uaX47,2026-08-31 19:40:44,0,QN1X76RVBO,2026-08-31 19:40:49,0,False,동일조건 반복,,도쿄,Tokyo,2026-10-03 00:00:00,2026-09-17 00:00:00,reviews,2,,,,50000.0,5,Tokyo,도쿄,Tokyo,2026-10-03 00:00:00,2026-09-17 00:00:00,reviews,2,,,,50000.0,5.0,Tokyo
Sb8HrR5rXR,QN1X76RVBO,2026-08-31 19:40:49,0,QDX2vny39Z,2026-08-31 19:40:57,5,True,조건 완화,price,도쿄,Tokyo,2026-10-03 00:00:00,2026-09-17 00:00:00,reviews,2,,,,50000.0,5,Tokyo,도쿄,Tokyo,2026-10-03 00:00:00,2026-09-17 00:00:00,reviews,2,,,,100000.0,5.0,Tokyo
SbCIb6zwy0,QQTUE2ToUl,2026-08-28 20:21:43,0,Q7eMXZBvMB,2026-08-28 20:21:49,0,False,동일조건 반복,,신사이바시,Osaka · 신사이바시,2026-09-15 00:00:00,2026-09-17 00:00:00,reviews,2,,,9.0,100000.0,4,Osaka · 신사이바시,신사이바시,Osaka · 신사이바시,2026-09-15 00:00:00,2026-09-17 00:00:00,reviews,2,,,9.0,100000.0,4.0,Osaka · 신사이바시
SbCIb6zwy0,Q7eMXZBvMB,2026-08-28 20:21:49,0,QZVTvvChUQ,2026-08-28 20:22:02,0,False,동일조건 반복,,신사이바시,Osaka · 신사이바시,2026-09-15 00:00:00,2026-09-17 00:00:00,reviews,2,,,9.0,100000.0,4,Osaka · 신사이바시,신사이바시,Osaka · 신사이바시,2026-09-15 00:00:00,2026-09-17 00:00:00,reviews,2,,,9.0,100000.0,4.0,Osaka · 신사이바시
SbCIb6zwy0,QZVTvvChUQ,2026-08-28 20:22:02,0,QBbv00qVqv,2026-08-28 20:22:16,0,False,조건 완화,price,신사이바시,Osaka · 신사이바시,2026-09-15 00:00:00,2026-09-17 00:00:00,reviews,2,,,9.0,100000.0,4,Osaka · 신사이바시,신사이바시,Osaka · 신사이바시,2026-09-15 00:00:00,2026-09-17 00:00:00,reviews,2,,,9.0,200000.0,4.0,Osaka · 신사이바시
SbCIb6zwy0,QBbv00qVqv,2026-08-28 20:22:16,0,QvbLNeWFHO,2026-08-28 20:22:27,0,False,조건 완화,amenity_count,신사이바시,Osaka · 신사이바시,2026-09-15 00:00:00,2026-09-17 00:00:00,reviews,2,,,9.0,200000.0,4,Osaka · 신사이바시,신사이바시,Osaka · 신사이바시,2026-09-15 00:00:00,2026-09-17 00:00:00,reviews,2,,,9.0,200000.0,3.0,Osaka · 신사이바시
SbCIb6zwy0,QvbLNeWFHO,2026-08-28 20:22:27,0,QszxMx07ps,2026-08-28 20:22:40,0,False,검색어 수정,query_text,신사이바시,Osaka · 신사이바시,2026-09-15 00:00:00,2026-09-17 00:00:00,reviews,2,,,9.0,200000.0,3,Osaka · 신사이바시,,Osaka · 신사이바시,2026-09-15 00:00:00,2026-09-17 00:00:00,reviews,2,,,9.0,200000.0,3.0,Osaka · 신사이바시
SbCIb6zwy0,QszxMx07ps,2026-08-28 20:22:40,0,Qx2ylHJaeU,2026-08-28 20:23:14,0,False,동일조건 반복,,,Osaka · 신사이바시,2026-09-15 00:00:00,2026-09-17 00:00:00,reviews,2,,,9.0,200000.0,3,Osaka · 신사이바시,,Osaka · 신사이바시,2026-10-27 00:00:00,2026-10-29 00:00:00,reviews,2,,,9.0,200000.0,3.0,Osaka · 신사이바시
SbCIb6zwy0,Qx2ylHJaeU,2026-08-28 20:23:14,0,QM024jAVa9,2026-08-28 20:23:45,0,False,지역 변경,destination|user_rating_min|amenity_count|region,,Osaka · 신사이바시,2026-10-27 00:00:00,2026-10-29 00:00:00,reviews,2,,,9.0,200000.0,3,Osaka · 신사이바시,,Osaka,2026-10-27 00:00:00,2026-10-29 00:00:00,rating,2,,,8.0,200000.0,4.0,Osaka
SbCIb6zwy0,QM024jAVa9,2026-08-28 20:23:45,0,QeqY33BRal,2026-08-28 20:27:46,20,True,지역 변경,destination|user_rating_min|price|amenity_count|region,,Osaka,2026-10-27 00:00:00,2026-10-29 00:00:00,rating,2,,,8.0,200000.0,4,Osaka,,Tokyo · 시부야,2026-09-15 00:00:00,2026-09-17 00:00:00,rating,2,,,,,0.0,Tokyo · 시부야
SbCIb6zwy0,QdJcW3bHTQ,2026-08-28 20:35:35,0,QsfgBXWBsE,2026-08-28 20:35:46,1,True,지역 변경,destination|region,,Sapporo · 삿포로역,2026-11-23 00:00:00,2026-11-26 00:00:00,price,2,,,9.0,200000.0,0,Sapporo · 삿포로역,,Sapporo · 스스키노,2026-11-23 00:00:00,2026-11-26 00:00:00,price,2,,,9.0,200000.0,0.0,Sapporo · 스스키노
ShtAb53pnr,Que6VVbeMu,2026-08-30 00:17:35,0,QfTXekQDfJ,2026-08-30 00:17:43,0,False,동일조건 반복,,,Osaka · 베이 에어리어,2026-09-15 00:00:00,2026-09-17 00:00:00,rating,2,,,,,1,Osaka · 베이 에어리어,,Osaka · 베이 에어리어,2026-09-15 00:00:00,2026-09-17 00:00:00,rating,2,,,,,1.0,Osaka · 베이 에어리어
ShtAb53pnr,QfTXekQDfJ,2026-08-30 00:17:43,0,Qtg4AuTk80,2026-08-30 00:18:15,40,True,지역 변경,query_text|destination|amenity_count|region,,Osaka · 베이 에어리어,2026-09-15 00:00:00,2026-09-17 00:00:00,rating,2,,,,,1,Osaka · 베이 에어리어,오사카 수영장,,2026-09-15 00:00:00,2026-09-17 00:00:00,rating,2,,,,,0.0,
Siqvgo3iyV,QTcSQ3UTG9,2026-08-30 00:49:12,0,QJJ5euyNY6,2026-08-30 00:49:48,0,False,동일조건 반복,,도쿄 아사쿠사,Tokyo · 아사쿠사,2026-10-24 00:00:00,2026-10-26 00:00:00,rating,2,,,8.0,300000.0,4,Tokyo · 아사쿠사,도쿄 아사쿠사,Tokyo · 아사쿠사,2026-10-24 00:00:00,2026-10-26 00:00:00,rating,2,,,8.0,300000.0,4.0,Tokyo · 아사쿠사
Siqvgo3iyV,QJJ5euyNY6,2026-08-30 00:49:48,0,QlQV4DpnY7,2026-08-30 00:49:54,0,False,조건 완화,amenity_count,도쿄 아사쿠사,Tokyo · 아사쿠사,2026-10-24 00:00:00,2026-10-26 00:00:00,rating,2,,,8.0,300000.0,4,Tokyo · 아사쿠사,도쿄 아사쿠사,Tokyo · 아사쿠사,2026-10-24 00:00:00,2026-10-26 00:00:00,rating,2,,,8.0,300000.0,3.0,Tokyo · 아사쿠사
Siqvgo3iyV,QlQV4DpnY7,2026-08-30 00:49:54,0,QdQm7TB7Bh,2026-08-30 00:50:03,0,False,동일조건 반복,,도쿄 아사쿠사,Tokyo · 아사쿠사,2026-10-24 00:00:00,2026-10-26 00:00:00,rating,2,,,8.0,300000.0,3,Tokyo · 아사쿠사,도쿄 아사쿠사,Tokyo · 아사쿠사,2026-10-24 00:00:00,2026-10-26 00:00:00,rating,2,,,8.0,300000.0,3.0,Tokyo · 아사쿠사
Siqvgo3iyV,QdQm7TB7Bh,2026-08-30 00:50:03,0,QzW6pHMQvO,2026-08-30 00:50:23,2,True,지역 변경,query_text|destination|region,도쿄 아사쿠사,Tokyo · 아사쿠사,2026-10-24 00:00:00,2026-10-26 00:00:00,rating,2,,,8.0,300000.0,3,Tokyo · 아사쿠사,도쿄 시부야,Tokyo · 시부야,2026-10-24 00:00:00,2026-10-26 00:00:00,rating,2,,,8.0,300000.0,3.0,Tokyo · 시부야
Sjlhv5qbkW,QZAYOIWt5J,2026-08-30 23:57:24,0,QqIN8jULWE,2026-08-30 23:57:24,0,False,동일조건 반복,,뉴욕,,2026-09-15 00:00:00,2026-09-17 00:00:00,rating,2,,,,,0,,뉴욕,,2026-09-15 00:00:00,2026-09-17 00:00:00,rating,2,,,,,0.0,
Sjlhv5qbkW,QqIN8jULWE,2026-08-30 23:57:24,0,QcBd8Dn3Iq,2026-08-30 23:58:22,0,False,조건 강화,user_rating_min|price|amenity_count,뉴욕,,2026-09-15 00:00:00,2026-09-17 00:00:00,rating,2,,,,,0,,뉴욕,,2026-09-15 00:00:00,2026-09-17 00:00:00,reviews,2,,,8.0,250000.0,5.0,
Sjlhv5qbkW,QcBd8Dn3Iq,2026-08-30 23:58:22,0,QHiWt5hbZX,2026-08-30 23:58:26,2,True,검색어 수정,query_text,뉴욕,,2026-09-15 00:00:00,2026-09-17 00:00:00,reviews,2,,,8.0,250000.0,5,,오사카,,2026-09-15 00:00:00,2026-09-17 00:00:00,reviews,2,,,8.0,250000.0,5.0,
SkcgUsGdun,QfwZVSviLs,2026-08-29 09:49:41,0,QSN7J6w0JM,2026-08-29 09:49:58,27,True,조건 완화,amenity_count,교토,Kyoto,2026-09-23 00:00:00,2026-09-25 00:00:00,rating,2,,,,,3,Kyoto,교토,Kyoto,2026-09-23 00:00:00,2026-09-25 00:00:00,rating,2,,,,,2.0,Kyoto
SkcgUsGdun,QLu3t2o66w,2026-08-29 09:52:10,0,Q3coLsdzsA,2026-08-29 09:52:30,0,False,동일조건 반복,,,Osaka · 우메다,2026-09-23 00:00:00,2026-09-25 00:00:00,rating,2,,,,,3,Osaka · 우메다,,Osaka · 우메다,2026-09-23 00:00:00,2026-09-25 00:00:00,rating,2,,,,,3.0,Osaka · 우메다
SkcgUsGdun,Q3coLsdzsA,2026-08-29 09:52:30,0,QDOaJ4gi3E,2026-08-29 09:52:45,0,False,지역 변경,destination|region,,Osaka · 우메다,2026-09-23 00:00:00,2026-09-25 00:00:00,rating,2,,,,,3,Osaka · 우메다,,Osaka · 난바,2026-09-23 00:00:00,2026-09-25 00:00:00,rating,2,,,,,3.0,Osaka · 난바
SkcgUsGdun,QDOaJ4gi3E,2026-08-29 09:52:45,0,QNJsD4kPg0,2026-08-29 09:52:54,0,False,지역 변경,destination|region,,Osaka · 난바,2026-09-23 00:00:00,2026-09-25 00:00:00,rating,2,,,,,3,Osaka · 난바,,Osaka · 혼마치,2026-09-23 00:00:00,2026-09-25 00:00:00,rating,2,,,,,3.0,Osaka · 혼마치
SkcgUsGdun,QNJsD4kPg0,2026-08-29 09:52:54,0,Qv3ns58DE8,2026-08-29 09:53:09,0,False,지역 변경,destination|region,,Osaka · 혼마치,2026-09-23 00:00:00,2026-09-25 00:00:00,rating,2,,,,,3,Osaka · 혼마치,,Osaka · 베이 에어리어,2026-09-23 00:00:00,2026-09-25 00:00:00,rating,2,,,,,3.0,Osaka · 베이 에어리어
SkcgUsGdun,Qv3ns58DE8,2026-08-29 09:53:09,0,QbC8XA3KTg,2026-08-29 09:53:31,0,False,조건 완화,amenity_count,,Osaka · 베이 에어리어,2026-09-23 00:00:00,2026-09-25 00:00:00,rating,2,,,,,3,Osaka · 베이 에어리어,,Osaka · 베이 에어리어,2026-09-23 00:00:00,2026-09-25 00:00:00,rating,2,,,,,2.0,Osaka · 베이 에어리어
SkcgUsGdun,QbC8XA3KTg,2026-08-29 09:53:31,0,QkIVhDt22g,2026-08-29 09:53:47,0,False,지역 변경,destination|region,,Osaka · 베이 에어리어,2026-09-23 00:00:00,2026-09-25 00:00:00,rating,2,,,,,2,Osaka · 베이 에어리어,,Osaka · 신사이바시,2026-09-23 00:00:00,2026-09-25 00:00:00,rating,2,,,,,2.0,Osaka · 신사이바시
SkcgUsGdun,QkIVhDt22g,2026-08-29 09:53:47,0,QMfp2J1ja2,2026-08-29 09:53:57,7,True,지역 변경,destination|region,,Osaka · 신사이바시,2026-09-23 00:00:00,2026-09-25 00:00:00,rating,2,,,,,2,Osaka · 신사이바시,,Osaka · 우메다,2026-09-23 00:00:00,2026-09-25 00:00:00,rating,2,,,,,2.0,Osaka · 우메다
SkcgUsGdun,Qivme9BcfI,2026-08-30 00:14:25,0,QKasDgCgMX,2026-08-30 00:14:40,20,True,지역 변경,destination|amenity_count|region,,Sapporo · 스스키노,2026-10-06 00:00:00,2026-10-08 00:00:00,rating,2,,,,,1,Sapporo · 스스키노,,Sapporo · 삿포로역,2026-10-06 00:00:00,2026-10-08 00:00:00,rating,2,,,,,0.0,Sapporo · 삿포로역
SrO2iKr6xo,QMya34Dtrx,2026-08-29 15:28:38,0,QABMEZ2Lmp,2026-08-29 15:28:52,0,False,동일조건 반복,,도쿄역,Tokyo · 긴자·도쿄역,2026-11-16 00:00:00,2026-11-20 00:00:00,rating,1,,,9.0,150000.0,8,Tokyo · 긴자·도쿄역,도쿄역,Tokyo · 긴자·도쿄역,2026-11-16 00:00:00,2026-11-20 00:00:00,rating,1,,,9.0,150000.0,8.0,Tokyo · 긴자·도쿄역
SrO2iKr6xo,QABMEZ2Lmp,2026-08-29 15:28:52,0,QrOH8Wh0MU,2026-08-29 15:29:07,0,False,검색어 수정,query_text,도쿄역,Tokyo · 긴자·도쿄역,2026-11-16 00:00:00,2026-11-20 00:00:00,rating,1,,,9.0,150000.0,8,Tokyo · 긴자·도쿄역,긴자,Tokyo · 긴자·도쿄역,2026-11-16 00:00:00,2026-11-20 00:00:00,rating,1,,,9.0,150000.0,8.0,Tokyo · 긴자·도쿄역
SrO2iKr6xo,QrOH8Wh0MU,2026-08-29 15:29:07,0,Q144xkNQ66,2026-08-29 15:29:18,0,False,동일조건 반복,,긴자,Tokyo · 긴자·도쿄역,2026-11-16 00:00:00,2026-11-20 00:00:00,rating,1,,,9.0,150000.0,8,Tokyo · 긴자·도쿄역,긴자,Tokyo · 긴자·도쿄역,2026-11-16 00:00:00,2026-11-20 00:00:00,rating,1,,,9.0,150000.0,8.0,Tokyo · 긴자·도쿄역
SrO2iKr6xo,Q144xkNQ66,2026-08-29 15:29:18,0,Q2r2D0t4EI,2026-08-29 15:29:28,0,False,조건 완화,amenity_count,긴자,Tokyo · 긴자·도쿄역,2026-11-16 00:00:00,2026-11-20 00:00:00,rating,1,,,9.0,150000.0,8,Tokyo · 긴자·도쿄역,긴자,Tokyo · 긴자·도쿄역,2026-11-16 00:00:00,2026-11-20 00:00:00,rating,1,,,9.0,150000.0,0.0,Tokyo · 긴자·도쿄역
SrO2iKr6xo,Q2r2D0t4EI,2026-08-29 15:29:28,0,QyiluUQR6w,2026-08-29 15:29:33,0,False,동일조건 반복,,긴자,Tokyo · 긴자·도쿄역,2026-11-16 00:00:00,2026-11-20 00:00:00,rating,1,,,9.0,150000.0,0,Tokyo · 긴자·도쿄역,긴자,Tokyo · 긴자·도쿄역,2026-11-16 00:00:00,2026-11-20 00:00:00,rating,1,,,9.0,150000.0,0.0,Tokyo · 긴자·도쿄역
